pid,pid,country,pname,brand,price
B01BTZFU2C,B01BTZFU2C,de,"Samsung Galaxy S7 EDGE Smartphone 13,9 cm wei?",Samsung,535.0
B01LSUZ5UU,B01LSUZ5UU,de,"Apple iPhone 7 Smartphone 4,7 Zoll jet schwarz",Apple,739.0
B01LSUYLVE,B01LSUYLVE,de,"Apple iPhone 7 Smartphone 4,7 Zoll silber",Apple,755.0
B01LSUZC1C,B01LSUZC1C,de,"Apple iPhone 7 Smartphone 4,7 Zoll rose-gold",Apple,747.0
B01LSUZ8KW,B01LSUZ8KW,de,"Apple iPhone 7 Smartphone 4,7 Zoll rose-gold",Apple,663.0
B01LSUYIT4,B01LSUYIT4,de,"Apple iPhone 7 Smartphone 4,7 Zoll silber",Apple,659.0
B01N04X63A,B01N04X63A,de,"Huawei Mate 9 5,9 Zoll, silber",Huawei,599.9
B01LSUZMAS,B01LSUZMAS,de,"Apple iPhone 7 Smartphone 4,7 Zoll gold",Apple,750.0
B01L34I7LA,B01L34I7LA,de,"Sony Xperia XZ Smartphone 5,2 Zoll Mineral Black",Sony,490.0
B00NGOCZ3C,B00NGOCZ3C,de,Apple iPhone 6 mit 64 GB,Apple,
B01LSUZDWU,B01LSUZDWU,de,"Apple iPhone 7 plus Smartphone 5,5 Zoll matt-schwarz",Apple,879.0
B00NGOCJ74,B00NGOCJ74,de,"Apple iPhone 6 Smartphone 11,9 cm grau",Apple,549.0
B01FFM09AI,B01FFM09AI,de,"CAT 77333 S60 Outdoor Smartphone 4,7 Zoll schwarz",Caterpillar,539.0
B01GIK2S2I,B01GIK2S2I,de,"Samsung Galaxy S7 EDGE Smartphone 13,9 cm pink",Samsung,597.9
B01LSUZJBA,B01LSUZJBA,de,"Apple iPhone 7 Smartphone 4,7 Zoll gold",Apple,654.95
B01L34I7JW,B01L34I7JW,de,"Sony Xperia XZ Smartphone 5,2 Zoll Platinum",Sony,501.0
B00NGOCP64,B00NGOCP64,de,"Apple iPhone 6 Smartphone 11,9 cm silber",Apple,499.0
B01LSUZHGC,B01LSUZHGC,de,"Apple iPhone 7 plus Smartphone 5,5 Zoll jet schwarz",Apple,872.0
B00NGOD752,B00NGOD752,de,"Apple iPhone 6 Smartphone 11,9 cm gold",Apple,
B015A8MVXK,B015A8MVXK,de,"Apple iPhone 6s Smartphone 4,7 Zoll grey",Apple,559.0
B01LTGWN9Y,B01LTGWN9Y,de,"Apple MN0X2ZD/A iPhone 6S 4,7 Zoll silber",Apple,557.0
B01LTGXKGE,B01LTGXKGE,de,"Apple iPhone 7 plus Smartphone 5,5 Zoll matt-schwarz",Apple,786.9
B01LTGYCAC,B01LTGYCAC,de,"Apple MN0W2ZD/A iPhone 6S 4,7 Zoll space grau",Apple,561.0
B01LTGX8SO,B01LTGX8SO,de,"Apple MN122ZD/A iPhone 6S 4,7 Zoll rose-gold",Apple,577.0
B015COHTZM,B015COHTZM,de,"Apple iPhone 6s Smartphone 4,7 Zoll rosegold",Apple,675.0
B01DWEG21G,B01DWEG21G,de,"Huawei P9 Plus Smartphone 5,5 Zoll grau",Huawei,512.0
B01LTGX3LG,B01LTGX3LG,de,"Apple iPhone 7 plus Smartphone 5,5 Zoll gold",Apple,906.0
B013WSMY7S,B013WSMY7S,de,"Sony Xperia Z5 Compact Smartphone 11,7 cm wei?",Sony,572.0
B01LSUZ1RW,B01LSUZ1RW,de,"Apple iPhone 7 Smartphone 4,7 Zoll matt-schwarz",Apple,839.0
B01LTGYMXE,B01LTGYMXE,de,"Apple iPhone 7 plus Smartphone 5,5 Zoll silber",Apple,881.0
B01LSUZKXC,B01LSUZKXC,de,"Apple iPhone 7 plus Smartphone 5,5 Zoll jet schwarz",Apple,1009.0
B015A0TEY2,B015A0TEY2,de,"Apple iPhone 6s Smartphone 4,7 Zoll silver",Apple,717.0
B014R5R9K2,B014R5R9K2,de,"Sony Xperia Z5 Premium Smartphone 13,8 cm schwarz",Sony,566.82
B00NB1DVII,B00NB1DVII,de,"Samsung Galaxy Note 4 Smartphone 14,5 cm wei?",Samsung,
B00NI0AVQW,B00NI0AVQW,de,Apple iPhone 6 Plus Smartphone 14 cm grau,Apple,
B01LTGY50E,B01LTGY50E,de,"Apple iPhone 7 plus Smartphone 5,5 Zoll rose-gold",Apple,991.0
B01J7DLMXE,B01J7DLMXE,de,"HP Elite x3 Smartphone 5,96 Zoll inkl. Headset und",HP,764.39
B00NI0AX06,B00NI0AX06,de,Apple iPhone 6 Plus Smartphone 14 cm silber,Apple,
B00NI0AUPE,B00NI0AUPE,de,"Apple iPhone 6 Smartphone 11,9 cm silber",Apple,652.99
B015EOE13S,B015EOE13S,de,"Apple iPhone 6s Smartphone 4,7 Zoll rosegold",Apple,649.0
B01LTGY0ZY,B01LTGY0ZY,de,"Apple iPhone 7 plus Smartphone 5,5 Zoll rose-gold",Apple,782.0
B01N7EQGHJ,B01N7EQGHJ,de,"Asus ZenFone 3 Deluxe Dual-SIM Smartphone 5,7 Zoll",ASUSComputer,799.0
B00NI0BV48,B00NI0BV48,de,"Apple iPhone 6 Smartphone 11,9 cm grau",Apple,876.73
B015EODSL4,B015EODSL4,de,"Apple iPhone 6s Plus Smartphone 5,5 Zoll grey",Apple,575.0
B015A0T2XU,B015A0T2XU,de,Apple iPhone 6s 128GB Spacegrau,Apple,699.0
B01KUXKOU2,B01KUXKOU2,de,"Lenovo Moto Z Smartphone 5,5 Zoll Schwarz/Lunar Grau",Lenovo,499.9
B01LSUYP2Y,B01LSUYP2Y,de,"Apple iPhone 7 Smartphone 4,7 Zoll silber",Apple,827.0
B01LW3P9DC,B01LW3P9DC,de,"Apple MN112ZD/A iPhone 6S 4,7 Zoll gold",Apple,562.0
B015AADU10,B015AADU10,de,Apple iPhone 6S 64GB Gold,Apple,691.0
B01MR9KBAZ,B01MR9KBAZ,de,"HTC 99HALT024-00 U Ultra Full HD Smartphone 5,2 Zoll",HTC,733.48
B01L9KXU7O,B01L9KXU7O,de,Apple iPhone 6s Space Grau 64GB SIM-Free Smartphone,Apple,489.0
B01LTGXMJY,B01LTGXMJY,de,"Apple iPhone 7 plus Smartphone 5,5 Zoll silber",Apple,785.95
B01LSUZ9TC,B01LSUZ9TC,de,"Apple iPhone 7 Smartphone 4,7 Zoll jet schwarz",Apple,834.0
B01LTGYL3K,B01LTGYL3K,de,"Apple iPhone 7 plus Smartphone 5,5 Zoll gold",Apple,779.0
B013XCEWKK,B013XCEWKK,de,"Samsung Galaxy S6 edge+ Smartphone 14,39 cm",Samsung,588.0
B01N0UVD2U,B01N0UVD2U,de,"OnePlus 3T, RAM 6GB+128GB ROM 4G FDD-LTE 5.5 inch Smart Phone Qualcomm Snapdragon 821 Quad Core 2.35GHz 16.0MP A3010",OnePlus,
B01LSUYE9S,B01LSUYE9S,de,"Apple iPhone 7 Smartphone 4,7 Zoll gold",Apple,837.0
B00F8JDBT0,B00F8JDBT0,de,Apple iPhone 5S Smartphone 4 Zoll Gold,Apple,
B00NI0BOYA,B00NI0BOYA,de,Apple iPhone 6 Plus Smartphone 14 cm gold,Apple,
B00NI0BL5C,B00NI0BL5C,de,"Apple iPhone 6 Smartphone 11,9 cm gold",Apple,666.66
B015COHU10,B015COHU10,de,"Apple iPhone 6s Plus Smartphone 5,5 Zoll silver",Apple,793.01
B00F8JDBF4,B00F8JDBF4,de,"Apple iPhone 5S Smartphone 10,2 cm spacegrau",Apple,
B01LHVVBF8,B01LHVVBF8,de,"Nubia NX531J Z11 Smartphone 5,5 Zoll schwarz/gold",nubia,565.0
B01M5FA894,B01M5FA894,de,Google Pixel XL 32GB Anthrazit,Apple,849.85
B01MTAVDC7,B01MTAVDC7,de,"HTC 99HALT015-00 U Ultra Full HD Smartphone 5,2 Zoll",HTC,728.48
B013XCERSC,B013XCERSC,de,"Samsung Galaxy S6 edge+ Smartphone 14,39 cm",Samsung,494.2
B01N4PUNS7,B01N4PUNS7,de,"HTC 99HALT016-00 U Ultra Full HD Smartphone 5,2 Zoll",HTC,738.48
B01NBU1HBO,B01NBU1HBO,de,Samsung G935F Galaxy S7 Edge 32GB ohne Vertrag Blue Coral,Samsung,
B01H5KAR5K,B01H5KAR5K,de,OnePlus 3 Smartphone,OnePlus,
B01LVXZRG9,B01LVXZRG9,de,Apple iPhone 7 - 32 GB - Schwarz,Apple,
B06WRNK1DM,B06WRNK1DM,de,"Meizu M96/M686H PRO 6 Plus Smartphone, Dual SIM, 14,47",Meizu,555.16
B01L9KY0I2,B01L9KY0I2,de,Apple iPhone 6s Ros¨¦gold 64GB SIM-Free,Apple,489.0
B015COHVUU,B015COHVUU,de,"Apple iPhone 6s Plus Smartphone 5,5 Zoll gold",Apple,815.73
B01MR9MNNL,B01MR9MNNL,de,"Apple iPhone 7 Smartphone 4,7 Zoll jet schwarz",Apple,699.0
B01J7DLIQK,B01J7DLIQK,de,"HP Elite x3 Smartphone 5,96 Zoll inkl. Headset",HP,750.0
B014R5QHEG,B014R5QHEG,de,"Sony Xperia Z5 Premium Smartphone 13,8 cm gold",Sony,649.9
B01N9VBVN1,B01N9VBVN1,de,,,
B01LYSM7H5,B01LYSM7H5,de,Apple iPhone 6 Plus Gold 16GB SIM-Free Smartphone,Apple,591.2
B015COHQD2,B015COHQD2,de,"Apple iPhone 6s Plus Smartphone 5,5 Zoll rosegold",Apple,799.0
B01BWV9A42,B01BWV9A42,de,Samsung Galaxy S7 Smartphone 5.1 Zoll schwarz,Samsung,527.54
B00F07WTF2,B00F07WTF2,de,"Samsung Galaxy Note 3 Smartphone 5,7 Zoll wei?",Samsung,535.42
B00NI0BRBK,B00NI0BRBK,de,Apple iPhone 6 Plus Smartphone 14 cm gold,Apple,
B01M1DS3U2,B01M1DS3U2,de,Apple iPhone 6 Plus Silber 64GB SIM-Free Smartphone,Apple,677.29
B00NI0BPTE,B00NI0BPTE,de,,,
B015COHRM2,B015COHRM2,de,"Apple iPhone 6s Plus Smartphone 5,5 Zoll grey",Apple,857.8
B00TX5PSBO,B00TX5PSBO,de,"Samsung Galaxy S6 Edge Smartphone 12,9 cm schwarz",Samsung,
B00TX5Q5J8,B00TX5Q5J8,de,"Samsung Galaxy S6 Edge Smartphone 12,9 cm schwarz",Samsung,839.95
B01LTGWR3G,B01LTGWR3G,de,"Apple iPhone 7 plus Smartphone 5,5 Zoll gold",Apple,990.0
B01E0CTM66,B01E0CTM66,de,Huawei P9 Smartphone grau,Huawei,505.9
B01LVZBH5U,B01LVZBH5U,de,'Apple iPhone 7?Smartphone 4?g schwarz,Apple,1094.78
B01M0AAT4O,B01M0AAT4O,de,,,
B017XE0J8I,B017XE0J8I,de,"Apple iPhone 6s Plus 128GB Space Gr, MKUD2ZD/A",Apple,789.0
B01N3549RA,B01N3549RA,de,Huawei MHA-L29 SPACE GREY Smartphone Mate 9 Dual Sim,Huawei,
B01LZMHPGF,B01LZMHPGF,de,"CAT S60 Outdoor Smartphone 4,7 Zoll schwarz",Caterpillar,
B01LY5N6QR,B01LY5N6QR,de,"APPLE iPHONE 6S 4.7"" 32GB ITALIA ROSE GOLD",Apple,577.1
B00TX5QD3Q,B00TX5QD3Q,de,"Samsung Galaxy S6 Edge Smartphone 12,9 cm gold",Samsung,883.11
B01DVQB8QE,B01DVQB8QE,de,,,
B00V0VUYCC,B00V0VUYCC,de,"Apple iPhone 6S 64 GB, 4.7 Zoll, Retina HD Display, 12",Apple,729.0
B01LVXZVWK,B01LVXZVWK,de,"Apple iPhone 6S 32GB Spacegrau (schwarz) Smartphone (4,7 Zoll (11,9 cm) Touchscreen Display, 12 Megapixel Kamera, 3D Touch) Handy",Apple,
B00TX5P2F6,B00TX5P2F6,de,"Samsung Galaxy S6 Smartphone 12,9 cm wei?",Samsung,
B01LZ4AES5,B01LZ4AES5,de,Apple iPhone 6s Plus Silber 64GB SIM-Free Smartphone,Apple,799.11
B00TX5PYT0,B00TX5PYT0,de,"Samsung Galaxy S6 Edge Smartphone 12,9 cm gold",Samsung,
B00TX5OVJE,B00TX5OVJE,de,"Samsung Galaxy S6 Smartphone 12,9 cm blau",Samsung,565.41
B00F8JHFWO,B00F8JHFWO,de,"Apple iPhone 5C Smartphone 10,2 cm gr¨¹n",Apple,
B00IBD7JZC,B00IBD7JZC,de,"Samsung Galaxy Note 3 Neo Smartphone 5,49 Zoll schwarz",Samsung,
B01H1H5O82,B01H1H5O82,de,"Samsung Galaxy S7 SM-G930F Smartphone (13 cm (5,1 Zoll, Android), 32GB, Android) schwarz",Samsung,
B01M69GD7J,B01M69GD7J,de,Google Pixel XL Smartphone (silber/128GB),Google,
B015AADV5U,B015AADV5U,de,"Apple iPhone 6S - Smartphone, MKQV2ZD/A",Apple,742.39
B015COHYWK,B015COHYWK,de,Apple iPhone 6s Plus 128GB Spacegrau (MKUE2ZD/A),Apple,
B01LWBPRBA,B01LWBPRBA,de,Bot Check,Bot,
B00004YV47,B00004YV47,de,Bot Check,Bot,
B01LTGWVPK,B01LTGWVPK,de,Bot Check,Bot,
B01LWAWVSO,B01LWAWVSO,de,Bot Check,Bot,
B00OLSTPIA,B00OLSTPIA,de,Bot Check,Bot,
B01LW9KGD4,B01LW9KGD4,de,Bot Check,Bot,
B00TX5ORZC,B00TX5ORZC,de,"Samsung Galaxy S6 Smartphone 12,9 cm gold",Samsung,599.9
B01G0D18ZG,B01G0D18ZG,de,Bot Check,Bot,
B01LW9KS6U,B01LW9KS6U,de,'Apple iPhone 7?Smartphone 4?g Gold,Apple,797.9
B00NQGP4EW,B00NQGP4EW,de,Apple MG4H2B/A - iPhone 6 Sim Free 64GB - Silver,Apple,
B01LW5Q46H,B01LW5Q46H,de,Bot Check,Bot,
B01MFC8Q96,B01MFC8Q96,de,Bot Check,Bot,
B009DSPB5E,B009DSPB5E,de,Apple iPhone 5 Smartphone weiss/wei? - 64GB,Apple,
B00DELED3C,B00DELED3C,de,Bot Check,Bot,
B01MTIP4UO,B01MTIP4UO,de,Bot Check,Bot,
B01LTGYYYG,B01LTGYYYG,de,Bot Check,Bot,
B01DVQB7J2,B01DVQB7J2,de,Bot Check,Bot,
B00TX5PVWA,B00TX5PVWA,de,Bot Check,Bot,
B01BYD0TZM,B01BYD0TZM,de,Bot Check,Bot,
B01KVVG1V4,B01KVVG1V4,de,Samsung Galaxy S7&nbsp;Edge mit Dual-SIM,Samsung,
B00GUC29L0,B00GUC29L0,de,Bot Check,Bot,
B00TX5Q2HS,B00TX5Q2HS,de,Bot Check,Bot,
B00ORXDFDU,B00ORXDFDU,de,Bot Check,Bot,
B00G4DTR0G,B00G4DTR0G,de,Bot Check,Bot,
B01ID1R4PG,B01ID1R4PG,de,Bot Check,Bot,
B01EGCN3VK,B01EGCN3VK,de,Bot Check,Bot,
B007I782J4,B007I782J4,de,Bot Check,Bot,
B00TX5OZ6S,B00TX5OZ6S,de,Bot Check,Bot,
B0096LU8AG,B0096LU8AG,de,Bot Check,Bot,
B01537RK84,B01537RK84,de,Bot Check,Bot,
B0171WW5S4,B0171WW5S4,de,Bot Check,Bot,
B01N30UHMS,B01N30UHMS,de,Bot Check,Bot,
B01957IZ3M,B01957IZ3M,de,Bot Check,Bot,
B01LZHHRBT,B01LZHHRBT,de,Bot Check,Bot,
B014RMHFAO,B014RMHFAO,de,Bot Check,Bot,
B01DO2XI2M,B01DO2XI2M,de,Bot Check,Bot,
B016NS6GM8,B016NS6GM8,de,Bot Check,Bot,
B01J7DKVV8,B01J7DKVV8,de,Bot Check,Bot,
B01LWAWBYG,B01LWAWBYG,de,Bot Check,Bot,
B01DQFCEUY,B01DQFCEUY,de,Bot Check,Bot,
B00U6GXPF0,B00U6GXPF0,de,Bot Check,Bot,
B01LVWRFL6,B01LVWRFL6,de,Bot Check,Bot,
B01M12I75C,B01M12I75C,de,Bot Check,Bot,
B00ORXDFN0,B00ORXDFN0,de,Bot Check,Bot,
B00U8KSL3A,B00U8KSL3A,de,Bot Check,Bot,
B0162X8WPS,B0162X8WPS,de,Bot Check,Bot,
B01LYT6SRC,B01LYT6SRC,de,Bot Check,Bot,
B01FFV2RYA,B01FFV2RYA,de,Bot Check,Bot,
B00G4DTPEE,B00G4DTPEE,de,Bot Check,Bot,
B017WTYERG,B017WTYERG,de,Bot Check,Bot,
B01CO38TX0,B01CO38TX0,de,Bot Check,Bot,
B015COHNEE,B015COHNEE,de,Bot Check,Bot,
B00N4NQ8P6,B00N4NQ8P6,de,Bot Check,Bot,
B014RHZA7E,B014RHZA7E,de,Bot Check,Bot,
B01M0QXZVQ,B01M0QXZVQ,de,Bot Check,Bot,
B01LWILE89,B01LWILE89,de,Bot Check,Bot,
B00V4P5JKQ,B00V4P5JKQ,de,Bot Check,Bot,
B01BWVW044,B01BWVW044,de,Bot Check,Bot,
B000PH9NNS,B000PH9NNS,de,Bot Check,Bot,
B00O2BUGTI,B00O2BUGTI,de,Bot Check,Bot,
B0027BKJWE,B0027BKJWE,de,Bot Check,Bot,
B00IJHGSIO,B00IJHGSIO,de,Bot Check,Bot,
B01LY0BSF6,B01LY0BSF6,de,Bot Check,Bot,
B00U6GXV2C,B00U6GXV2C,de,Bot Check,Bot,
B01LY56P8E,B01LY56P8E,de,Bot Check,Bot,
B019M0EJO6,B019M0EJO6,de,Bot Check,Bot,
B01M0QXYIY,B01M0QXYIY,de,Bot Check,Bot,
B01D5ZVO2O,B01D5ZVO2O,de,Bot Check,Bot,
B01EHM5NJE,B01EHM5NJE,de,Bot Check,Bot,
B009EDXHJU,B009EDXHJU,de,Bot Check,Bot,
B01N7WEVJ4,B01N7WEVJ4,de,Bot Check,Bot,
B01DUAM7PC,B01DUAM7PC,de,Bot Check,Bot,
B00WIYGXBG,B00WIYGXBG,de,Bot Check,Bot,
B00JFBR42C,B00JFBR42C,de,Bot Check,Bot,
B01KKCFWOG,B01KKCFWOG,de,Bot Check,Bot,
B01DO6TKZW,B01DO6TKZW,de,Bot Check,Bot,
B010FQYRLQ,B010FQYRLQ,de,Sonim XP7 / 7700 - Robustes Und Wasserdichtes Smartphone 4G LTE - Schwarz & Gelb,Sonim,
B01JELELC8,B01JELELC8,de,Bot Check,Bot,
B01CJU8FV4,B01CJU8FV4,de,Smartphone Samsung Galaxy S7 gold-platinum,Smartphone,
B001AX89EK,B001AX89EK,de,Bot Check,Bot,
B01LWIL7M4,B01LWIL7M4,de,Bot Check,Bot,
B0085PBKO2,B0085PBKO2,de,Bot Check,Bot,
B01BYD12VC,B01BYD12VC,de,Bot Check,Bot,
B00G7FXQYY,B00G7FXQYY,de,Bot Check,Bot,
B014J4YEL8,B014J4YEL8,de,Bot Check,Bot,
B01BUWP164,B01BUWP164,de,Bot Check,Bot,
B014HIA2E4,B014HIA2E4,de,Samsung Galaxy Note 5 SM-N920C 32GB Black Single Sim (FACTORY UNLOCKED),Samsung,
B000SZCEL0,B000SZCEL0,de,Bot Check,Bot,
B00QN9UU7A,B00QN9UU7A,de,Bot Check,Bot,
B017XOV3NI,B017XOV3NI,de,Bot Check,Bot,
B009DSHCEC,B009DSHCEC,de,Bot Check,Bot,
B001GOX4OI,B001GOX4OI,de,Bot Check,Bot,
B00U6GXO1A,B00U6GXO1A,de,Bot Check,Bot,
B01LY0B6JC,B01LY0B6JC,de,Bot Check,Bot,
B00QLCWLH6,B00QLCWLH6,de,Bot Check,Bot,
B01N8RMK4O,B01N8RMK4O,de,Bot Check,Bot,
B01GVCWNX2,B01GVCWNX2,de,Caterpillar CAT S60 schwarz,Caterpillar,638.62
B01FK3FGK0,B01FK3FGK0,de,Bot Check,Bot,
B01LVU78L9,B01LVU78L9,de,Bot Check,Bot,
B00G7G8UPS,B00G7G8UPS,de,Bot Check,Bot,
B01CJU9MJI,B01CJU9MJI,de,Bot Check,Bot,
B01LYNB9Y5,B01LYNB9Y5,de,Bot Check,Bot,
B0043232Q0,B0043232Q0,de,Bot Check,Bot,
B00J5K1YHY,B00J5K1YHY,de,"LG G Flex Smartphone UNLOCKED , 32 GBSpanien-import",LGElectronics,550.13
B0171F6DKC,B0171F6DKC,de,Bot Check,Bot,
B01HL824KC,B01HL824KC,de,Bot Check,Bot,
B01LY6NL6F,B01LY6NL6F,de,Bot Check,Bot,
B01LVXZTTA,B01LVXZTTA,de,Bot Check,Bot,
B00U6GY9GY,B00U6GY9GY,de,Bot Check,Bot,
B01M6ZW7Q8,B01M6ZW7Q8,de,Bot Check,Bot,
B00BUT56RC,B00BUT56RC,de,Bot Check,Bot,
B01FPJUJ2Y,B01FPJUJ2Y,de,Bot Check,Bot,
B01BWVXB9C,B01BWVXB9C,de,Bot Check,Bot,
B01DN6MVWW,B01DN6MVWW,de,Bot Check,Bot,
B00UL5J32A,B00UL5J32A,de,Bot Check,Bot,
B016WEL10K,B016WEL10K,de,Bot Check,Bot,
B00NQ1GBEY,B00NQ1GBEY,de,Bot Check,Bot,
B01LVVF641,B01LVVF641,de,Bot Check,Bot,
B01J8EP67A,B01J8EP67A,de,Bot Check,Bot,
B00345ITME,B00345ITME,de,Bot Check,Bot,
B01LW9J8ER,B01LW9J8ER,de,'Apple iPhone 7?Plus Smartphone 4?g,Apple,790.0
B011ATP5YK,B011ATP5YK,de,Bot Check,Bot,
B01CU22RL0,B01CU22RL0,de,Bot Check,Bot,
B01LVU77R9,B01LVU77R9,de,Bot Check,Bot,
B00005LJ3D,B00005LJ3D,de,Bot Check,Bot,
B01BYTUYTM,B01BYTUYTM,de,Bot Check,Bot,
B01CZXW4NK,B01CZXW4NK,de,Bot Check,Bot,
B0154RC99I,B0154RC99I,de,Bot Check,Bot,
B015A9LZM2,B015A9LZM2,de,Bot Check,Bot,
B00ZHICCMO,B00ZHICCMO,de,Bot Check,Bot,
B015FPMZN4,B015FPMZN4,de,Bot Check,Bot,
B000ZGMRQE,B000ZGMRQE,de,Bot Check,Bot,
B01MSMU1AA,B01MSMU1AA,de,Bot Check,Bot,
B01INSCTKE,B01INSCTKE,de,Bot Check,Bot,
B001XCWHGY,B001XCWHGY,de,Bot Check,Bot,
B00V82Z2AW,B00V82Z2AW,de,Bot Check,Bot,
B01GGKM3P2,B01GGKM3P2,de,Bot Check,Bot,
B016N3U2NW,B016N3U2NW,de,Bot Check,Bot,
B01EL8E7R8,B01EL8E7R8,de,Bot Check,Bot,
B017VXM19G,B017VXM19G,de,"Sony S70/1298-6449 Xperia Z5 Smartphone 5,2 Zoll gold",Sony,549.9
B0185QMZ0S,B0185QMZ0S,de,Bot Check,Bot,
B017XOUVYA,B017XOUVYA,de,Bot Check,Bot,
B00W5Z4L9O,B00W5Z4L9O,de,Bot Check,Bot,
B017XOV4VY,B017XOV4VY,de,Bot Check,Bot,
B00RLSAW8E,B00RLSAW8E,de,Bot Check,Bot,
B01M0SRDII,B01M0SRDII,de,"Apple Watch Series 2 42 mm Edelstahlgeh?use, Milanaise",Apple,886.75
B00WJE3B38,B00WJE3B38,de,Bot Check,Bot,
B00QNJT3AK,B00QNJT3AK,de,Bot Check,Bot,
B014X34C44,B014X34C44,de,Bot Check,Bot,
B00RBQYO5I,B00RBQYO5I,de,Bot Check,Bot,
B01CPIGRNI,B01CPIGRNI,de,Bot Check,Bot,
B01DD8LOEQ,B01DD8LOEQ,de,Bot Check,Bot,
B01CTVBGH8,B01CTVBGH8,de,Bot Check,Bot,
B0154RBTZI,B0154RBTZI,de,Samsung SM-G925FZWAXEO Smartphone f¨¹r Samsung,Samsung,529.0
B00A21A58Y,B00A21A58Y,de,"Samsung Galaxy Note 2 3G, LTE silber",T-Mobile,605.2
B00U8PKN0Y,B00U8PKN0Y,de,Bot Check,Bot,
B00ZUC4DTC,B00ZUC4DTC,de,Bot Check,Bot,
B01KOXJWGU,B01KOXJWGU,de,Bot Check,Bot,
B00JXQS8CY,B00JXQS8CY,de,Bot Check,Bot,
B01GJZEDVG,B01GJZEDVG,de,Bot Check,Bot,
B01H1H5O9Q,B01H1H5O9Q,de,Bot Check,Bot,
B00NLYTNHS,B00NLYTNHS,de,Bot Check,Bot,
B01FK3FHDQ,B01FK3FHDQ,de,Bot Check,Bot,
B01LYBHEFZ,B01LYBHEFZ,de,'Sony Xperia XZ Mineral?¨C?Mobiltelefon,Sony,567.0
B01LW703G1,B01LW703G1,de,"Apple iPhone 7?Plus 128?GB UK Smartphone, SIM",Apple,963.05
B01FXGS8KO,B01FXGS8KO,de,Sony Xperia X Smartphone,Sony,500.81
B00UL11Y12,B00UL11Y12,de,Bot Check,Bot,
B016N0T2PY,B016N0T2PY,de,Bot Check,Bot,
B01FV3YJ16,B01FV3YJ16,de,Bot Check,Bot,
B01IXY3RRC,B01IXY3RRC,de,Bot Check,Bot,
B01C5OIIAW,B01C5OIIAW,de,Bot Check,Bot,
B01DF20J78,B01DF20J78,de,Bot Check,Bot,
B00U6GXQNG,B00U6GXQNG,de,"Samsung Galaxy S6 Edge Smartphone 5,1 Zoll schwarz",Samsung,
B00XHXVXQM,B00XHXVXQM,de,Bot Check,Bot,
B00O453K86,B00O453K86,de,Bot Check,Bot,
B01272AT7C,B01272AT7C,de,Bot Check,Bot,
B01CSAMQ7O,B01CSAMQ7O,de,Huawei Mate 8 Smartphone 6 Zoll silber,Huawei,612.47
B017H6US8S,B017H6US8S,de,Bot Check,Bot,
B017WTYFV6,B017WTYFV6,de,Bot Check,Bot,
B01BYD0ZRO,B01BYD0ZRO,de,Bot Check,Bot,
B0141NXMU6,B0141NXMU6,de,Bot Check,Bot,
B017UAP35E,B017UAP35E,de,Bot Check,Bot,
B01C4BIYZ0,B01C4BIYZ0,de,Fujitsu LifeBook A556?Laptops,Fujitsu,
B00YHDBFZK,B00YHDBFZK,de,Bot Check,Bot,
B01D5ZVO9C,B01D5ZVO9C,de,Bot Check,Bot,
B007VKAJYY,B007VKAJYY,de,Bot Check,Bot,
B0169MLFVU,B0169MLFVU,de,Bot Check,Bot,
B00MASAXC0,B00MASAXC0,de,Bot Check,Bot,
B00W4605GM,B00W4605GM,de,Bot Check,Bot,
B00V3RU1FI,B00V3RU1FI,de,Bot Check,Bot,
B0000665L1,B0000665L1,de,Bot Check,Bot,
B000KMZNDW,B000KMZNDW,de,Bot Check,Bot,
B01C5OIIF2,B01C5OIIF2,de,Bot Check,Bot,
B01CNPU9RI,B01CNPU9RI,de,Bot Check,Bot,
B01G334238,B01G334238,de,Bot Check,Bot,
B0169SNI3C,B0169SNI3C,de,Bot Check,Bot,
B01EM0ZN6E,B01EM0ZN6E,de,Bot Check,Bot,
B01BYD1AG4,B01BYD1AG4,de,Bot Check,Bot,
B00BW69W3M,B00BW69W3M,de,Bot Check,Bot,
B00W7VEUL0,B00W7VEUL0,de,Bot Check,Bot,
B01CJU9V62,B01CJU9V62,de,Bot Check,Bot,
B01BBYQPG6,B01BBYQPG6,de,Bot Check,Bot,
B002R59Q06,B002R59Q06,de,Bot Check,Bot,
B00U6GXRTO,B00U6GXRTO,de,Bot Check,Bot,
B00U8PL19Q,B00U8PL19Q,de,Bot Check,Bot,
B00S68TSOW,B00S68TSOW,de,Bot Check,Bot,
B01NCZSVPL,B01NCZSVPL,de,Bot Check,Bot,
B01N25YFXB,B01N25YFXB,de,Bot Check,Bot,
B01N14KN69,B01N14KN69,de,Bot Check,Bot,
B01MTCO337,B01MTCO337,de,"Apple iPhone 7 Smartphone 4,7 Zoll gold",Apple,849.9
B015E8U7Y6,B015E8U7Y6,de,"Apple iPhone 6S, ohne SIM-Lock, entsperrt",Apple,
B00U6GXW8A,B00U6GXW8A,de,Bot Check,Bot,
B00MIVGA94,B00MIVGA94,de,Bot Check,Bot,
B00U6GY2MA,B00U6GY2MA,de,Bot Check,Bot,
B00U63GOBK,B00U63GOBK,de,Bot Check,Bot,
B01G1IKV44,B01G1IKV44,de,Bot Check,Bot,
B01G1KFJ2G,B01G1KFJ2G,de,Bot Check,Bot,
B00361FRWQ,B00361FRWQ,de,Bot Check,Bot,
B01MPXNKHC,B01MPXNKHC,de,Bot Check,Bot,
B01G1KJZHG,B01G1KJZHG,de,Bot Check,Bot,
B01G1K76MC,B01G1K76MC,de,Bot Check,Bot,
B01G1KN4DW,B01G1KN4DW,de,Bot Check,Bot,
B01G1JZM42,B01G1JZM42,de,Bot Check,Bot,
B01MQ5VTP0,B01MQ5VTP0,de,Bot Check,Bot,
B015QFFSAK,B015QFFSAK,de,Bot Check,Bot,
B00N9BOSF0,B00N9BOSF0,de,Bot Check,Bot,
B01M69K6SI,B01M69K6SI,de,Bot Check,Bot,
B006R0Z1EC,B006R0Z1EC,de,,,
B00NUBXW06,B00NUBXW06,de,Bot Check,Bot,
B06XNLN17F,B06XNLN17F,de,Bot Check,Bot,
B06XJN5TNW,B06XJN5TNW,de,Bot Check,Bot,
B06XFS8F1Z,B06XFS8F1Z,de,Bot Check,Bot,
B06XFRBM26,B06XFRBM26,de,Bot Check,Bot,
B06W5JPTB6,B06W5JPTB6,de,Bot Check,Bot,
B01NCT1H1K,B01NCT1H1K,de,Bot Check,Bot,
B01NCOGEEC,B01NCOGEEC,de,Bot Check,Bot,
B01NAPQP3Y,B01NAPQP3Y,de,Bot Check,Bot,
B01NAKUXUO,B01NAKUXUO,de,Bot Check,Bot,
B01N9OML4V,B01N9OML4V,de,Bot Check,Bot,
B01N980D5J,B01N980D5J,de,Bot Check,Bot,
B01N7SVIIY,B01N7SVIIY,de,"Samsung Galaxy S6 Smartphone (5,1 Zoll (12,9 cm) Touch-Display, 128 GB Speicher, Android 5.0)",Samsung,
B01N6TXVS9,B01N6TXVS9,de,Bot Check,Bot,
B01N6QRQNF,B01N6QRQNF,de,SAMSUNG Galaxy C7 Dual Sim 64GB LTE 4G Silver 4GB RAM,SAMSUNG,
B01N6QE36A,B01N6QE36A,de,,,
B01N6IB3NZ,B01N6IB3NZ,de,Bot Check,Bot,
B01N4NXATD,B01N4NXATD,de,Bot Check,Bot,
B01N4NIQFE,B01N4NIQFE,de,27?Zoll Full HD Zeichen?¨C?Android,OYETEAM,
B01N2AXVYL,B01N2AXVYL,de,Bot Check,Bot,
B01MYB58KM,B01MYB58KM,de,Bot Check,Bot,
B01MY9FMGQ,B01MY9FMGQ,de,Bot Check,Bot,
B01MY7QIPR,B01MY7QIPR,de,Bot Check,Bot,
B01MDLY4RQ,B01MDLY4RQ,de,Bot Check,Bot,
B01M8K4ON7,B01M8K4ON7,de,Bot Check,Bot,
B01M66N29E,B01M66N29E,de,Bot Check,Bot,
B01M5BC7HR,B01M5BC7HR,de,Bot Check,Bot,
B01LZTN1JX,B01LZTN1JX,de,Apple Watch Series 2 42 mm Aluminiumgeh?use rosegold,Apple,777.47
B01K1I4ESE,B01K1I4ESE,de,Bot Check,Bot,
B01IW7N900,B01IW7N900,de,MOTOROLA Moto Z Dual Sim 64GB LTE 4G schwarz 4GB RAM,MOTOROLA,
B01IN4JETW,B01IN4JETW,de,Samsung Galaxy S7?32?GB Black,Samsung,572.12
B01I2ZVOMM,B01I2ZVOMM,de,Apple iPhone 6 64 GB Gold Renewd,Apple,
B01H46BVQ4,B01H46BVQ4,de,Bot Check,Bot,
B017IOHGTI,B017IOHGTI,de,Bot Check,Bot,
B013X8XW3C,B013X8XW3C,de,Bot Check,Bot,
B00U8KSPNG,B00U8KSPNG,de,Bot Check,Bot,
B00U6383QO,B00U6383QO,de,Bot Check,Bot,
B00NQHYU0K,B00NQHYU0K,de,Bot Check,Bot,
B01N06XT15,B01N06XT15,de,Bot Check,Bot,
B01MRHST75,B01MRHST75,de,Bot Check,Bot,
B01MQGBJU5,B01MQGBJU5,de,Bot Check,Bot,
B01LW5PVMU,B01LW5PVMU,de,Bot Check,Bot,
B01LW4H0G9,B01LW4H0G9,de,Bot Check,Bot,
B01LW4GYV2,B01LW4GYV2,de,Bot Check,Bot,
B01LW369MF,B01LW369MF,de,Bot Check,Bot,
B01LVZBJXN,B01LVZBJXN,de,Bot Check,Bot,
B01LVXZTT5,B01LVXZTT5,de,Bot Check,Bot,
B01IMIPRFE,B01IMIPRFE,de,MFOX A11?Pro Military Standard Phone,Mfox,
B01I5KP2YA,B01I5KP2YA,de,Bot Check,Bot,
B01I2ZVNP0,B01I2ZVNP0,de,Bot Check,Bot,
B01I2ZVMT2,B01I2ZVMT2,de,Bot Check,Bot,
B01GQITYE2,B01GQITYE2,de,Bot Check,Bot,
B01EBDLLIG,B01EBDLLIG,de,Bot Check,Bot,
B00O2YIY0S,B00O2YIY0S,de,Bot Check,Bot,
B00O2YI1X8,B00O2YI1X8,de,Bot Check,Bot,
B00IJZZIBO,B00IJZZIBO,de,Bot Check,Bot,
B01MG5LAPK,B01MG5LAPK,de,Bot Check,Bot,
B01M4OPYQF,B01M4OPYQF,de,Bot Check,Bot,
B01LWAXD6E,B01LWAXD6E,de,Bot Check,Bot,
B01KRC765W,B01KRC765W,de,Bot Check,Bot,
B01KGS26RU,B01KGS26RU,de,Bot Check,Bot,
B01CU22HRY,B01CU22HRY,de,Bot Check,Bot,
B01CO6FP8E,B01CO6FP8E,de,Bot Check,Bot,
B017XOQ7I4,B017XOQ7I4,de,Bot Check,Bot,
B015FPM7L4,B015FPM7L4,de,Bot Check,Bot,
B00ET3WZKC,B00ET3WZKC,de,Bot Check,Bot,
028444765X,028444765X,de,Bot Check,Bot,
B01MCU6H8U,B01MCU6H8U,de,Bot Check,Bot,
B01LXG7PA3,B01LXG7PA3,de,Bot Check,Bot,
B01LX8N0FZ,B01LX8N0FZ,de,Bot Check,Bot,
B00WIYFBWI,B00WIYFBWI,de,Bot Check,Bot,
B00O2YHA76,B00O2YHA76,de,Bot Check,Bot,
B001P81VWW,B001P81VWW,de,Bot Check,Bot,
B01LW70EWW,B01LW70EWW,de,Bot Check,Bot,
B01LONANZ8,B01LONANZ8,de,"TELEKOM Sony Xperia XZ schwarz 5,2zoll 13,2cm",TELEKOMDEUTSCHLAND,568.99
B01J7DKRR6,B01J7DKRR6,de,Bot Check,Bot,
B01FXGSA6Q,B01FXGSA6Q,de,Sony Xperia X Smartphone,Sony,624.03
B019L30AZ6,B019L30AZ6,de,"Conquest S6?Pro Rugged Smartphone?¨C?CPU MTK8752?Octa Core 3?GB-Ram, 4?g, IP68, 5?Zoll HD Bildschirm, Android 5.1, 32?GB-Speicher (schwarz)",Conquest,
B017VXSS9I,B017VXSS9I,de,Bot Check,Bot,
B017CKHC74,B017CKHC74,de,"HUAWEI MATE S 5.5"" FHD QUAD CORE 32GB RAM 3GB 4G LTE TIM GREY",HUAWEI,
B00E0EPURA,B00E0EPURA,de,Bot Check,Bot,
B001NOQ9IE,B001NOQ9IE,de,Bot Check,Bot,
B01G3341WA,B01G3341WA,de,Samsung S7,Samsung,650.88
B00GTPQZ0Y,B00GTPQZ0Y,de,Bot Check,Bot,
B00A2HOHTG,B00A2HOHTG,de,Samsung Galaxy Note 2 LTE 16GB Telekom-Edition,DeutscheTelekom,599.73
B01DCOZ0QO,B01DCOZ0QO,de,G935?S7?Samsung Galaxy Edge Smartphone,Samsung,684.5
B01C42GJQK,B01C42GJQK,de,Bot Check,Bot,
B016ODYC6Y,B016ODYC6Y,de,"HUAWEI P8 MAX 6.8 ""Smartphone mit Hisilicon Kirin 935 Octa-Core 2,2 GHz-Prozessor. 3 GB RAM und 64 GB internen Speicher. 5Mpx Frontkamera und 13Mpx r¨¹ckseitige Kamera. 4G LTE FDD und Android 5.0. CHAMPAGNE",HUAWEI,
B015FPMT6M,B015FPMT6M,de,Bot Check,Bot,
B014GBV7E6,B014GBV7E6,de,Bot Check,Bot,
B01486BJUQ,B01486BJUQ,de,Samsung Galaxy S6 edge+ SM-G928F 64GB 4G Gold,Samsung,
B00XKBWEHI,B00XKBWEHI,de,Bot Check,Bot,
B00XAD2IC2,B00XAD2IC2,de,Thuraya XT Pro Satellitentelefon mit GPS,Thuraya,
B00V3D191M,B00V3D191M,de,Bot Check,Bot,
B00QKRVFL0,B00QKRVFL0,de,Bot Check,Bot,
B001MRZYEC,B001MRZYEC,de,Hyundai MBD-130 Dual SIM schwarz Handy,HyundaiMobile,
B000JKPLBY,B000JKPLBY,de,Bot Check,Bot,
B01LVVF90V,B01LVVF90V,de,Bot Check,Bot,
B01LOGWKQA,B01LOGWKQA,de,Bot Check,Bot,
B01L9NM4SM,B01L9NM4SM,de,Bot Check,Bot,
B01KFG5C74,B01KFG5C74,de,Android 6.0 Oneplus Three 6GB RAM 64GB ROM NFC Fingerprint 4G LTE Dual Sim Oneplus 3 A3000 Quad Core 2.2GHz 5.5 inch FHD 8+16MP 3000mAh Gold,Android,
B01JPA9ZDS,B01JPA9ZDS,de,Bot Check,Bot,
B01JLN8KJY,B01JLN8KJY,de,Bot Check,Bot,
B01I287WN4,B01I287WN4,de,Bot Check,Bot,
B01HXZDCMW,B01HXZDCMW,de,Bot Check,Bot,
B01HODKYDI,B01HODKYDI,de,Bot Check,Bot,
B01HJ5ITH4,B01HJ5ITH4,de,Bot Check,Bot,
B01HI8UP9M,B01HI8UP9M,de,Bot Check,Bot,
B01HI8UHNQ,B01HI8UHNQ,de,Bot Check,Bot,
B01HHYNPJO,B01HHYNPJO,de,Oneplus 3 MSM8996 6+64GB 5.5inch Grey,Oneplus,
B01HGJ628Q,B01HGJ628Q,de,Bot Check,Bot,
B01GNW9Z9K,B01GNW9Z9K,de,Bot Check,Bot,
B01GLWHJM2,B01GLWHJM2,de,Bot Check,Bot,
B01DZOAWMI,B01DZOAWMI,de,Bot Check,Bot,
B01DO2NKPC,B01DO2NKPC,de,HTC ONE M10 SIMFREE GREY,HTC,
B01DD8LOKU,B01DD8LOKU,de,Bot Check,Bot,
B01D0HT1NG,B01D0HT1NG,de,Bot Check,Bot,
B01D0HSYYI,B01D0HSYYI,de,Bot Check,Bot,
B01CZXZZMM,B01CZXZZMM,de,Bot Check,Bot,
B01CP4OGY4,B01CP4OGY4,de,Bot Check,Bot,
B01CO6HM1W,B01CO6HM1W,de,Bot Check,Bot,
B01CO6HGDG,B01CO6HGDG,de,Bot Check,Bot,
B01CDZYXYI,B01CDZYXYI,de,Bot Check,Bot,
B01C912JII,B01C912JII,de,Bot Check,Bot,
B01C3908A2,B01C3908A2,de,Bot Check,Bot,
B01C38W1T4,B01C38W1T4,de,TELEKOM Samsung Galaxy S7 Edge 32GB silber (P),TELEKOM,
B01BUTA61W,B01BUTA61W,de,Fujitsu LifeBook A556?Laptops,Fujitsu,
B01BNPYFLK,B01BNPYFLK,de,Bot Check,Bot,
B01BLVBL7W,B01BLVBL7W,de,Bot Check,Bot,
B01B7PKJKW,B01B7PKJKW,de,Bot Check,Bot,
B01AUM6WB8,B01AUM6WB8,de,Bot Check,Bot,
B017YNC5QW,B017YNC5QW,de,Bot Check,Bot,
B017UAMRZI,B017UAMRZI,de,Bot Check,Bot,
B017TBDVV2,B017TBDVV2,de,Bot Check,Bot,
B017OTNI4Y,B017OTNI4Y,de,Bot Check,Bot,
B01757AFT6,B01757AFT6,de,Bot Check,Bot,
B016YAT0V4,B016YAT0V4,de,Bot Check,Bot,
B016EY4LL4,B016EY4LL4,de,Bot Check,Bot,
B016C9XCKW,B016C9XCKW,de,Bot Check,Bot,
B0161BT26O,B0161BT26O,de,SatSleeve Hotspot (Tragbarer Satelliten-Hotspot f¨¹r Smartphones),SatSleeve,
B015PN6NXY,B015PN6NXY,de,SONY XPERIA Z5 BLACK,Sony,
B015OCVR6Y,B015OCVR6Y,de,'Huawei P8?Premium Smartphone 5.2? Gold,Huawei,501.76
B015G1RUM8,B015G1RUM8,de,Bot Check,Bot,
B0159B9C8A,B0159B9C8A,de,Bot Check,Bot,
B014W29GW4,B014W29GW4,de,Sony Xperia Z5 Premium 32GB 4G,Sony,
B013JRWUVC,B013JRWUVC,de,Bot Check,Bot,
B010FIBXWK,B010FIBXWK,de,Bot Check,Bot,
B010FIBXV6,B010FIBXV6,de,Sony Xperia Z3?Plus e6553?Unlocked Smartphone,Sony,624.06
B010FIBX0C,B010FIBX0C,de,Bot Check,Bot,
B00XQ2X9SO,B00XQ2X9SO,de,Bot Check,Bot,
B00XHYJ2XW,B00XHYJ2XW,de,Bot Check,Bot,
B00XHY7004,B00XHY7004,de,Bot Check,Bot,
B00WZ3853Y,B00WZ3853Y,de,Bot Check,Bot,
B00WNBNA74,B00WNBNA74,de,Vodafone-Aktion Samsung Galaxy S6 EDGE 128GB weiss,Samsung,539.99
B00W1KY23I,B00W1KY23I,de,Bot Check,Bot,
B00VXQXEDU,B00VXQXEDU,de,Bot Check,Bot,
B00VX6HC42,B00VX6HC42,de,Samsung G925F Galaxy S6 Edge 64GB O2-Edition ohne,Samsung,
B00VUJCA0S,B00VUJCA0S,de,Bot Check,Bot,
B00VGOWF5M,B00VGOWF5M,de,Samsung G920F Galaxy S6 128GB Vodafone-Edition ohne Vertrag pearl-white,Samsung,
B00UTYJXB4,B00UTYJXB4,de,Samsung Galaxy S6 edge SM-G925F 32GB 4G Black,Samsung,900.33
B00URQMAX2,B00URQMAX2,de,Bot Check,Bot,
B00UEMF1XK,B00UEMF1XK,de,Bot Check,Bot,
B00U7IY0OW,B00U7IY0OW,de,Bot Check,Bot,
B00U4X03VY,B00U4X03VY,de,Bot Check,Bot,
B00TYDQHEC,B00TYDQHEC,de,Bot Check,Bot,
B00TYDPGEO,B00TYDPGEO,de,"Honeywell 60s, 2D, BT, WLAN, 3G (HSPA+), Num., GPS, Kit (USB) (60S-LEN-C111XE)",Honeywell,
B00TYDO8VG,B00TYDO8VG,de,Bot Check,Bot,
B00T0UJDLS,B00T0UJDLS,de,"Apple iPhone 6S, 16 GB, 4.7 Zoll, Retina HD Display, 12",iPhone,
B00STGCSAW,B00STGCSAW,de,Bot Check,Bot,
B00SOWA29U,B00SOWA29U,de,Bot Check,Bot,
B00S2AIX0Y,B00S2AIX0Y,de,Bot Check,Bot,
B00RXX76Q8,B00RXX76Q8,de,Bot Check,Bot,
B00RLSWYRG,B00RLSWYRG,de,Thuraya XT-LITE mit NOVA SIM + 180 Einheiten Airtime Mit dem GTC,Thuraya,
B00RLSOWY4,B00RLSOWY4,de,Bot Check,Bot,
B00RK8QA9A,B00RK8QA9A,de,Bot Check,Bot,
B00QO0ACWG,B00QO0ACWG,de,Bot Check,Bot,
B00QNVSXRC,B00QNVSXRC,de,Bot Check,Bot,
B00OYSL9TU,B00OYSL9TU,de,Xperia Z3 compact copper mobilcom-debitel,Sony,590.6
B00OY4IL9U,B00OY4IL9U,de,Bot Check,Bot,
B00NSRC4Y2,B00NSRC4Y2,de,Bot Check,Bot,
B00NPTLX0Y,B00NPTLX0Y,de,Bot Check,Bot,
B00NNMUORQ,B00NNMUORQ,de,Bot Check,Bot,
B00NNL3OEW,B00NNL3OEW,de,GTC Inmarsat IsatPhone 2 - Satelliten-Telefon mit SIM-Karte und 250 Airtime (192* Minuten)-Einheiten,GTC,
B00NMM5WQK,B00NMM5WQK,de,Bot Check,Bot,
B00NMLP158,B00NMLP158,de,Bot Check,Bot,
B00KYW0KRM,B00KYW0KRM,de,Bot Check,Bot,
B00KS7T28G,B00KS7T28G,de,Bot Check,Bot,
B00KS7R74C,B00KS7R74C,de,Bot Check,Bot,
B00KS7PHLW,B00KS7PHLW,de,Bot Check,Bot,
B00KS7NGF6,B00KS7NGF6,de,"Datalogic Skorpio X3, 1D, USB, RS232, BT, WLAN (942350011)",Datalogic,
B00KS7HLAW,B00KS7HLAW,de,Bot Check,Bot,
B00KS7GOS2,B00KS7GOS2,de,Bot Check,Bot,
B00KS7FQ6S,B00KS7FQ6S,de,Bot Check,Bot,
B00KS7EQY6,B00KS7EQY6,de,Bot Check,Bot,
B00KS7DHB4,B00KS7DHB4,de,"Datalogic Skorpio X3, 1D, USB, RS232, BT, WLAN, Alpha (942350005)",Datalogic,
B00KS788WC,B00KS788WC,de,"Datalogic Skorpio X3, 1D, USB, RS232, Num. (942350002)",Datalogic,
B00KRC9318,B00KRC9318,de,Bot Check,Bot,
B00KRC83Y6,B00KRC83Y6,de,Bot Check,Bot,
B00KRC5HGI,B00KRC5HGI,de,Bot Check,Bot,
B00JWN32PQ,B00JWN32PQ,de,Bot Check,Bot,
B00JTBE886,B00JTBE886,de,"SS296 - SAMSUNG SRD-1673D 16 Kan?le 6 TB H, 264 DVR CCTV Problembehandlung IOS ANDROID SMARTPHONE kompatibel 400FPS CMS",SS296,
B00JIKJHOI,B00JIKJHOI,de,Bot Check,Bot,
B00ILIYQKI,B00ILIYQKI,de,Bot Check,Bot,
B00E57PIGK,B00E57PIGK,de,Bot Check,Bot,
B00CP9TJ92,B00CP9TJ92,de,Bot Check,Bot,
B00AJYL416,B00AJYL416,de,Bot Check,Bot,
B009YX7IUE,B009YX7IUE,de,Bot Check,Bot,
B0096E5S4Y,B0096E5S4Y,de,Bot Check,Bot,
B007VOF51M,B007VOF51M,de,Bot Check,Bot,
B005YI9TKA,B005YI9TKA,de,Bot Check,Bot,
B0055BBEZ4,B0055BBEZ4,de,Bot Check,Bot,
B0047N6Z6Y,B0047N6Z6Y,de,Sony SNCA-HRX550/EXT - Kamerageh?use f¨¹r,Sony,699.0
B0046TX6XE,B0046TX6XE,de,Bot Check,Bot,
B00447TGUA,B00447TGUA,de,Bot Check,Bot,
B002ZRQ4RE,B002ZRQ4RE,de,Samsung S9110 Watchphone,Samsung,
B001N2SHI6,B001N2SHI6,de,Bot Check,Bot,
B001CFB17S,B001CFB17S,de,Bot Check,Bot,
B000UGMJ7Q,B000UGMJ7Q,de,Bot Check,Bot,
B000N2VNKQ,B000N2VNKQ,de,Bot Check,Bot,
B00008AOME,B00008AOME,de,Bot Check,Bot,
B01L9KY3BG,B01L9KY3BG,de,Bot Check,Bot,
B01BTZLNBO,B01BTZLNBO,de,Bot Check,Bot,
B01B1UEMII,B01B1UEMII,de,Bot Check,Bot,
B017SZB0QW,B017SZB0QW,de,Lenovo ThinkPad T550,Lenovo,1588.5
B017M7MCP4,B017M7MCP4,de,Bot Check,Bot,
B015YTAZTM,B015YTAZTM,de,'Lenovo ThinkPad X250?2.2?GHz,Lenovo,1198.14
B015Y0CKKI,B015Y0CKKI,de,Bot Check,Bot,
B0159B9IHA,B0159B9IHA,de,'Lenovo Yoga 500?15?2.2?GHz,Lenovo,803.07
B014LNPB14,B014LNPB14,de,Bot Check,Bot,
B014GG9EOQ,B014GG9EOQ,de,Bot Check,Bot,
B0145S2BMM,B0145S2BMM,de,Bot Check,Bot,
B00H4JR03K,B00H4JR03K,de,Bot Check,Bot,
B00H4JQ4EG,B00H4JQ4EG,de,PlentiMedia Stand-Touch-Display 55 Zoll Mega Smart-Phone look Touchscreen Monitor Digital Signage,PlentiMedia,
B00H3SBS8U,B00H3SBS8U,de,Bot Check,Bot,
B01BTZFQX0,B01BTZFQX0,de,Bot Check,Bot,
B01N2Z5DIY,B01N2Z5DIY,de,Bot Check,Bot,
B01DF2021G,B01DF2021G,de,Bot Check,Bot,
B01E1QP8NM,B01E1QP8NM,de,Bot Check,Bot,
B01FLZC9Y8,B01FLZC9Y8,de,Bot Check,Bot,
B01DYN5N06,B01DYN5N06,de,Bot Check,Bot,
B018WFZ1NU,B018WFZ1NU,de,Bot Check,Bot,
B01MXFV5D3,B01MXFV5D3,de,Bot Check,Bot,
B01BTZFPKO,B01BTZFPKO,de,Bot Check,Bot,
B00IKFB4OS,B00IKFB4OS,de,Bot Check,Bot,
B01MU5VUXK,B01MU5VUXK,de,Bot Check,Bot,
B00TX5PCX8,B00TX5PCX8,de,"Samsung Galaxy S6 Edge Smartphone 12,9 cm schwarz",Samsung,
B01J0RYDPG,B01J0RYDPG,de,Bot Check,Bot,
B01M5KNDC3,B01M5KNDC3,de,Bot Check,Bot,
B00F8JHGXM,B00F8JHGXM,de,Bot Check,Bot,
B00LGZXTSI,B00LGZXTSI,de,Bot Check,Bot,
B01M36FM03,B01M36FM03,de,Bot Check,Bot,
B01N9MJTE6,B01N9MJTE6,de,Bot Check,Bot,
B01J0RYCRA,B01J0RYCRA,de,Bot Check,Bot,
B00F8JHE16,B00F8JHE16,de,Bot Check,Bot,
B01BU2956Q,B01BU2956Q,de,Bot Check,Bot,
B01FLZCB28,B01FLZCB28,de,Bot Check,Bot,
B00TX5O8WE,B00TX5O8WE,de,Bot Check,Bot,
B01L9KX7VI,B01L9KX7VI,de,Apple iPhone 6 Space Grau 64GB SIM-Free Smartphone,Apple,369.0
B00TX5PL52,B00TX5PL52,de,Bot Check,Bot,
B01AO6ONAC,B01AO6ONAC,de,Bot Check,Bot,
B016AAM8M6,B016AAM8M6,de,Bot Check,Bot,
B01DCHROHO,B01DCHROHO,de,Bot Check,Bot,
B01DF1ZVIG,B01DF1ZVIG,de,Bot Check,Bot,
B01MD2MDDJ,B01MD2MDDJ,de,Bot Check,Bot,
B00W1KSH02,B00W1KSH02,de,Bot Check,Bot,
B01MQEC7EX,B01MQEC7EX,de,Bot Check,Bot,
B015Y5398A,B015Y5398A,de,Bot Check,Bot,
B01E1QUFBM,B01E1QUFBM,de,Bot Check,Bot,
B01MU9R2EN,B01MU9R2EN,de,Bot Check,Bot,
B016AAM81M,B016AAM81M,de,"Microsoft Lumia 950 Smartphone 13,2 cm schwarz",Microsoft,349.97
B01N3LZWM3,B01N3LZWM3,de,"Lenovo P2 Smartphone 5,5 Zoll graphit-grau",Lenovo,308.0
B00TX5OC5W,B00TX5OC5W,de,Bot Check,Bot,
B016AAM51U,B016AAM51U,de,Bot Check,Bot,
B013WSM36A,B013WSM36A,de,Bot Check,Bot,
B01I092IPC,B01I092IPC,de,Bot Check,Bot,
B01LPNTK10,B01LPNTK10,de,Bot Check,Bot,
B01KMOYXCO,B01KMOYXCO,de,BQ C000210 Smartphone Aquaris X5 Plus 4G schwarz,bq,309.0
B01BU29K5W,B01BU29K5W,de,Bot Check,Bot,
B01N9MKD8C,B01N9MKD8C,de,Bot Check,Bot,
B01DF1Z67M,B01DF1Z67M,de,,,
B015CGW38S,B015CGW38S,de,Bot Check,Bot,
B01LPNTW18,B01LPNTW18,de,Bot Check,Bot,
B00TX5OFL8,B00TX5OFL8,de,Bot Check,Bot,
B01I092Y2E,B01I092Y2E,de,Bot Check,Bot,
B01L9KWX9U,B01L9KWX9U,de,Bot Check,Bot,
B01DYN5NSS,B01DYN5NSS,de,Bot Check,Bot,
B015Y53D86,B015Y53D86,de,"Google Nexus 5X Smartphone 13,2 cm quarz",LGElectronics,293.0
B01MYZ76JP,B01MYZ76JP,de,Bot Check,Bot,
B01L9KX5RY,B01L9KX5RY,de,Bot Check,Bot,
B013OT0DVO,B013OT0DVO,de,Bot Check,Bot,
B01540G87O,B01540G87O,de,Bot Check,Bot,
B00N9O8C2M,B00N9O8C2M,de,Bot Check,Bot,
B01GTM1GJQ,B01GTM1GJQ,de,Bot Check,Bot,
B01ELJFWLW,B01ELJFWLW,de,Bot Check,Bot,
B01N4PG2ET,B01N4PG2ET,de,"Honor 6X Smartphone 5,5 Zoll grau",Honor,300.95
B013WSMOZA,B013WSMOZA,de,Bot Check,Bot,
B00TX5QJX0,B00TX5QJX0,de,Bot Check,Bot,
B01N1Q3MR5,B01N1Q3MR5,de,Bot Check,Bot,
B01EJ9NOE6,B01EJ9NOE6,de,Elephone P9000 Handy 5.5-Zoll MTK6755 Helio P10 2.0GHz,Ele,209.99
B01L34I7HY,B01L34I7HY,de,Bot Check,Bot,
B00R4TCGLG,B00R4TCGLG,de,Bot Check,Bot,
B00N9O8NPS,B00N9O8NPS,de,Bot Check,Bot,
B01BU29SI6,B01BU29SI6,de,Bot Check,Bot,
B01KUXKPLK,B01KUXKPLK,de,Bot Check,Bot,
B00WIYFDU8,B00WIYFDU8,de,Bot Check,Bot,
B01I092FLY,B01I092FLY,de,Bot Check,Bot,
B0131AFGTA,B0131AFGTA,de,"CAT S40 Outdoor Smartphone 11,94 cm schwarz/silber",Caterpillar,
B01BU29V4W,B01BU29V4W,de,Bot Check,Bot,
B00NGOC16S,B00NGOC16S,de,Apple iPhone 6 Plus Smartphone 14 cm grau,Apple,469.99
B00OHW7YKQ,B00OHW7YKQ,de,Bot Check,Bot,
B01GTM1GOQ,B01GTM1GOQ,de,Bot Check,Bot,
B019P8F3EU,B019P8F3EU,de,Motorola Moto X Force Smartphone mit R¨¹ckseite,Lenovo,360.0
B01E610EB8,B01E610EB8,de,Bot Check,Bot,
B01L34I7P6,B01L34I7P6,de,"Sony Xperia XCompact Smartphone 4,6 Zoll Mist Blue",Sony,356.0
B00IKIZI10,B00IKIZI10,de,"HTC One M8 Smartphone 12,7 cm metallgrau",HTC,274.9
B00TX5PG3E,B00TX5PG3E,de,Bot Check,Bot,
B00HQDV4ZY,B00HQDV4ZY,de,"Sony Xperia Z1 Compact Smartphone 10,9 cm schwarz",Sony,225.9
B00IN9M4BS,B00IN9M4BS,de,Bot Check,Bot,
B01LYR2I7L,B01LYR2I7L,de,"Honor 8 Premium Smartphone 5,2 Zoll gold",Honor,429.0
B00N9O86V4,B00N9O86V4,de,"Sony Xperia Z3 Smartphone 13,2 cm Schwarz",Sony,349.9
B01L9KWVLU,B01L9KWVLU,de,Bot Check,Bot,
B00I51EZ7A,B00I51EZ7A,de,Bot Check,Bot,
B01L9KWZTI,B01L9KWZTI,de,Bot Check,Bot,
B014699X9O,B014699X9O,de,Bot Check,Bot,
B00KKM2UZG,B00KKM2UZG,de,Bot Check,Bot,
B01M67SHBG,B01M67SHBG,de,Bot Check,Bot,
B01N4N3GVO,B01N4N3GVO,de,Huawei P8 Lite 2017 Smartphone 5.2 Zoll white,Huawei,236.0
B018XRCXTW,B018XRCXTW,de,"Motorola Moto X Force Smartphone mit 13,7?cm",Motorola,
B014R5QIZO,B014R5QIZO,de,Bot Check,Bot,
B00NGOCUFK,B00NGOCUFK,de,Bot Check,Bot,
B00TX5QNTK,B00TX5QNTK,de,Bot Check,Bot,
B01MTB5P23,B01MTB5P23,de,Bot Check,Bot,
B00F07WTLG,B00F07WTLG,de,Bot Check,Bot,
B01LYUPXPE,B01LYUPXPE,de,Bot Check,Bot,
B014699X6M,B014699X6M,de,Bot Check,Bot,
B01I0931A8,B01I0931A8,de,Bot Check,Bot,
B00BFUS8C6,B00BFUS8C6,de,"HTC One Smartphone 11,9 cm silber",HTC,249.9
B00TX5OIZG,B00TX5OIZG,de,"Samsung Galaxy S6 Smartphone 12,9 cm blau",Samsung,407.99
B013OT0AU8,B013OT0AU8,de,Bot Check,Bot,
B018SBWBD6,B018SBWBD6,de,Bot Check,Bot,
B00F8JDCBC,B00F8JDCBC,de,Bot Check,Bot,
B00IKFAR5U,B00IKFAR5U,de,Bot Check,Bot,
B013WSML9Y,B013WSML9Y,de,Bot Check,Bot,
B016AAM8C6,B016AAM8C6,de,,,
B00WIYH4L4,B00WIYH4L4,de,Bot Check,Bot,
B01DF22OSU,B01DF22OSU,de,Bot Check,Bot,
B01LZ4AIL8,B01LZ4AIL8,de,Bot Check,Bot,
B01BU29HWI,B01BU29HWI,de,Bot Check,Bot,
B01BU29Q0Q,B01BU29Q0Q,de,Bot Check,Bot,
B01N326GL3,B01N326GL3,de,Bot Check,Bot,
B01MRSLH8F,B01MRSLH8F,de,Bot Check,Bot,
B01N0D4EXT,B01N0D4EXT,de,Bot Check,Bot,
B00I51EJNK,B00I51EJNK,de,Bot Check,Bot,
B01I5EQWDG,B01I5EQWDG,de,Bot Check,Bot,
B00R8GKUVI,B00R8GKUVI,de,Bot Check,Bot,
B06VY5DHJL,B06VY5DHJL,de,Bot Check,Bot,
B01BU29CB4,B01BU29CB4,de,Bot Check,Bot,
B01LWX8ZLH,B01LWX8ZLH,de,Bot Check,Bot,
B00QJ44P84,B00QJ44P84,de,Bot Check,Bot,
B01M1DGOXR,B01M1DGOXR,de,Bot Check,Bot,
B00LH0116E,B00LH0116E,de,Bot Check,Bot,
B01I1AF744,B01I1AF744,de,Bot Check,Bot,
B014466RMK,B014466RMK,de,Bot Check,Bot,
B01MPYYLUT,B01MPYYLUT,de,Asus ZenFone 3 Dual-SIM Smartphone 14 cm schwarz,ASUSComputer,385.0
B01IT0YY0E,B01IT0YY0E,de,Bot Check,Bot,
B01L29XI4M,B01L29XI4M,de,Bot Check,Bot,
B00XJKAIUK,B00XJKAIUK,de,Bot Check,Bot,
B00TX5POX6,B00TX5POX6,de,Bot Check,Bot,
B00GG0HEIO,B00GG0HEIO,de,Bot Check,Bot,
B01483X0HY,B01483X0HY,de,Bot Check,Bot,
B01L9KWIO0,B01L9KWIO0,de,Bot Check,Bot,
B00F8JDD2K,B00F8JDD2K,de,Bot Check,Bot,
B01N7TZT9Y,B01N7TZT9Y,de,Bot Check,Bot,
B01L9KXCCM,B01L9KXCCM,de,Bot Check,Bot,
B01LRWRRCS,B01LRWRRCS,de,Bot Check,Bot,
B00F8JHESY,B00F8JHESY,de,Bot Check,Bot,
B01483WYBW,B01483WYBW,de,Bot Check,Bot,
B01LPNZH08,B01LPNZH08,de,Bot Check,Bot,
B01MFE6AN2,B01MFE6AN2,de,Bot Check,Bot,
B013OT0990,B013OT0990,de,Bot Check,Bot,
B015CSC3NQ,B015CSC3NQ,de,Bot Check,Bot,
B00TX5OOQ4,B00TX5OOQ4,de,Bot Check,Bot,
B00NFDB6XE,B00NFDB6XE,de,Bot Check,Bot,
B01L9KWQWO,B01L9KWQWO,de,Bot Check,Bot,
B01LRWXPYM,B01LRWXPYM,de,Bot Check,Bot,
B01NBJC2K5,B01NBJC2K5,de,Bot Check,Bot,
B01N12QH9E,B01N12QH9E,de,Bot Check,Bot,
B00AXSXDFI,B00AXSXDFI,de,Bot Check,Bot,
B0199T0K4S,B0199T0K4S,de,Bot Check,Bot,
B00R8GL8OQ,B00R8GL8OQ,de,Bot Check,Bot,
B01LTI1KYG,B01LTI1KYG,de,Bot Check,Bot,
B016ZRD1QG,B016ZRD1QG,de,Bot Check,Bot,
B00R8GKSJ2,B00R8GKSJ2,de,Bot Check,Bot,
B0142Y6JKE,B0142Y6JKE,de,Bot Check,Bot,
B01M12T693,B01M12T693,de,Bot Check,Bot,
B00NB5XE36,B00NB5XE36,de,Bot Check,Bot,
B00OLSTJR2,B00OLSTJR2,de,Bot Check,Bot,
B01M04EV2N,B01M04EV2N,de,Bot Check,Bot,
B01D12FOYA,B01D12FOYA,de,"Elephone P9000 4G LTE Smartphone - Android 6.0 (5,5 Zoll 1.6mm Ultra Narrow OGS-Bildschirm, Fingerabdruck Unlock) Octa-Core MTK6755 2.0GHz 4GB RAM 32GB ROM, 8MP 13MP Doppelkameras, Typ-C, 5G WIFI",Elephone,
B00FN2HX8C,B00FN2HX8C,de,Bot Check,Bot,
B00KGVBJ8A,B00KGVBJ8A,de,Bot Check,Bot,
B019DV8VOS,B019DV8VOS,de,Bot Check,Bot,
B0189KQ916,B0189KQ916,de,Bot Check,Bot,
B01MYXJ4ZG,B01MYXJ4ZG,de,Bot Check,Bot,
B01L9KWM6E,B01L9KWM6E,de,Bot Check,Bot,
B01MU9A5MM,B01MU9A5MM,de,Bot Check,Bot,
B01MZ8DTIV,B01MZ8DTIV,de,Bot Check,Bot,
B01N6WPWJV,B01N6WPWJV,de,Bot Check,Bot,
B01N4062XC,B01N4062XC,de,Bot Check,Bot,
B00NGOC988,B00NGOC988,de,Bot Check,Bot,
B01M2A4BGK,B01M2A4BGK,de,Bot Check,Bot,
B01H3F0ZZ4,B01H3F0ZZ4,de,Bot Check,Bot,
B00N9O90BO,B00N9O90BO,de,Bot Check,Bot,
B00OYXHTBC,B00OYXHTBC,de,Bot Check,Bot,
B01L9KXO70,B01L9KXO70,de,Apple iPhone 6s Silber 64GB SIM-Free Smartphone,Apple,499.0
B01L9KWJP8,B01L9KWJP8,de,Bot Check,Bot,
B01CKP3ZL8,B01CKP3ZL8,de,Bot Check,Bot,
B01LYSM8HI,B01LYSM8HI,de,Bot Check,Bot,
B01I3A1AG6,B01I3A1AG6,de,Bot Check,Bot,
B01725JZW4,B01725JZW4,de,Bot Check,Bot,
B01BTVASIM,B01BTVASIM,de,Bot Check,Bot,
B01N20N4B1,B01N20N4B1,de,Bot Check,Bot,
B019U0ML02,B019U0ML02,de,Bot Check,Bot,
B01L9KWYD0,B01L9KWYD0,de,Bot Check,Bot,
B00NEEXALK,B00NEEXALK,de,Bot Check,Bot,
B01MR30MQD,B01MR30MQD,de,,,
B01L9KX3EE,B01L9KX3EE,de,Bot Check,Bot,
B01N12SHTN,B01N12SHTN,de,"Nubia NX549S Z11 mini S Smartphone Marshmallow5,2 Zoll",nubia,299.0
B00WMPBRM6,B00WMPBRM6,de,Bot Check,Bot,
B00S83Y23C,B00S83Y23C,de,Bot Check,Bot,
B01CP4A8NM,B01CP4A8NM,de,Bot Check,Bot,
B01L9KXS0S,B01L9KXS0S,de,Bot Check,Bot,
B00XJKB3O0,B00XJKB3O0,de,Bot Check,Bot,
B01LDNJPEE,B01LDNJPEE,de,Bot Check,Bot,
B012TC5FRE,B012TC5FRE,de,Bot Check,Bot,
B00R5W51SW,B00R5W51SW,de,"Samsung Galaxy Note Edge Smartphone 5,6 Zoll frost",Samsung,
B00XJKAZRG,B00XJKAZRG,de,Bot Check,Bot,
B01N5V3JNL,B01N5V3JNL,de,"Asus ZenFone 3 Max Dual-SIM Smartphone 5,5 Zoll gold",ASUSComputer,278.04
B01N7RH9TL,B01N7RH9TL,de,Bot Check,Bot,
B01N44NLP3,B01N44NLP3,de,Bot Check,Bot,
B01M6AKKCY,B01M6AKKCY,de,Bot Check,Bot,
B00OOPZLL0,B00OOPZLL0,de,Bot Check,Bot,
B01M03MJRQ,B01M03MJRQ,de,Bot Check,Bot,
B015QZBC14,B015QZBC14,de,Bot Check,Bot,
B01IT0YZ7Q,B01IT0YZ7Q,de,Bot Check,Bot,
B01I3A16EM,B01I3A16EM,de,"Huawei MediaPad T2 7 Pro LTE 17,8 cm blau",Huawei,215.53
B01EJ98HDY,B01EJ98HDY,de,,,
B01M6BNOFN,B01M6BNOFN,de,"UMIDIGI Plus Smartphone, 5.5 Zoll Display, Metall",UMIDIGI,
B015CSC3J0,B015CSC3J0,de,Bot Check,Bot,
B00DELEATO,B00DELEATO,de,Bot Check,Bot,
B01L9KWSAO,B01L9KWSAO,de,Apple iPhone 5S Space Grau 32GB SIM-Free Smartphone,Apple,279.0
B01725JYM0,B01725JYM0,de,Bot Check,Bot,
B005FLITFW,B005FLITFW,de,"Samsung Galaxy S II i9100 DualCore Smartphone 4,3 Zoll",Samsung,
B01FMCGS8I,B01FMCGS8I,de,Bot Check,Bot,
B014699X62,B014699X62,de,"Moto X Style Smartphone 5,7 Zoll wei?",Lenovo,265.0
B01LX60M7M,B01LX60M7M,de,Apple iPhone 6 Plus Space Grau 16GB SIM-Free Smartphone,Apple,429.99
B01L9KWNFY,B01L9KWNFY,de,Bot Check,Bot,
B013WSN738,B013WSN738,de,"Sony Xperia Z5 Compact Smartphone 11,7 cm koralle",Sony,445.0
B00F8JHD76,B00F8JHD76,de,Bot Check,Bot,
B00C1DIGRI,B00C1DIGRI,de,Bot Check,Bot,
B00K5V0OL4,B00K5V0OL4,de,Bot Check,Bot,
B00SSVMK06,B00SSVMK06,de,Bot Check,Bot,
B0198X311E,B0198X311E,de,Bot Check,Bot,
B0000665KY,B0000665KY,de,Bot Check,Bot,
B00N9O8GAU,B00N9O8GAU,de,Bot Check,Bot,
B01LZTYVOB,B01LZTYVOB,de,Bot Check,Bot,
B00UNSR54S,B00UNSR54S,de,Bot Check,Bot,
B01BCMKBZI,B01BCMKBZI,de,Bot Check,Bot,
B01ELJFZMI,B01ELJFZMI,de,Huawei P9 lite Smartphone wei?,Huawei,229.0
B00FBG3KPU,B00FBG3KPU,de,Bot Check,Bot,
B01N25KVDD,B01N25KVDD,de,Bot Check,Bot,
B00IKFASC2,B00IKFASC2,de,Bot Check,Bot,
B01EVP8W1S,B01EVP8W1S,de,Bot Check,Bot,
B01LWD21U8,B01LWD21U8,de,Bot Check,Bot,
B01L9KXHWM,B01L9KXHWM,de,Apple iPhone 6s Gold 64GB SIM-Free Smartphone,Apple,489.0
B01N32SAGS,B01N32SAGS,de,Bot Check,Bot,
B01LPNX0FM,B01LPNX0FM,de,Bot Check,Bot,
B015Y52UU8,B015Y52UU8,de,Bot Check,Bot,
B01LPO0Y0U,B01LPO0Y0U,de,"LG G5&nbsp;Smart Edition Smartphone, 32&nbsp;GB",LGElectronics,325.0
B00XJKAWCO,B00XJKAWCO,de,Bot Check,Bot,
B00007148P,B00007148P,de,Bot Check,Bot,
B00EQ8Y7AG,B00EQ8Y7AG,de,"LG G2 Smartphone 13,2 cm schwarz",LGElectronics,
B0077QND2C,B0077QND2C,de,Bot Check,Bot,
B00NB5XEXQ,B00NB5XEXQ,de,Bot Check,Bot,
B01KO37U2S,B01KO37U2S,de,Bot Check,Bot,
B0198X32I6,B0198X32I6,de,Bot Check,Bot,
B01FMCGRXY,B01FMCGRXY,de,"Lenovo Moto G4 Plus Smartphone 5,5 Zoll wei?",Lenovo,222.9
B00TX5QRAA,B00TX5QRAA,de,Bot Check,Bot,
B00JWXC7RU,B00JWXC7RU,de,Bot Check,Bot,
B01N2NM8C6,B01N2NM8C6,de,Bot Check,Bot,
B01GTM1GCI,B01GTM1GCI,de,Bot Check,Bot,
B00F8JHAKQ,B00F8JHAKQ,de,Bot Check,Bot,
B00CS2ZWKQ,B00CS2ZWKQ,de,Bot Check,Bot,
B01LZI6TZ3,B01LZI6TZ3,de,Bot Check,Bot,
B00R8GL6PC,B00R8GL6PC,de,"Samsung Galaxy A5 Smartphone 12,7 cm black",Samsung,324.04
B01M8NAVEP,B01M8NAVEP,de,Bot Check,Bot,
B01EVP8UHY,B01EVP8UHY,de,Bot Check,Bot,
B001TCUGKC,B001TCUGKC,de,Bot Check,Bot,
B00K5V0PJA,B00K5V0PJA,de,Bot Check,Bot,
B001R4BT44,B001R4BT44,de,Bot Check,Bot,
B012YFW1DC,B012YFW1DC,de,Bot Check,Bot,
B01G4ZHG5G,B01G4ZHG5G,de,Huawei P9 lite Smartphone wei?,Huawei,219.9
B00N9O8VYG,B00N9O8VYG,de,Bot Check,Bot,
B00HQDV8EG,B00HQDV8EG,de,,,
B01L9KWKYI,B01L9KWKYI,de,Bot Check,Bot,
B01LWIQJ3R,B01LWIQJ3R,de,Samsung Galaxy S6 Edge Schwarz 128GB SIM-Free,Samsung,454.0
B01AEKOHUE,B01AEKOHUE,de,Bot Check,Bot,
B00AXSXE7U,B00AXSXE7U,de,Bot Check,Bot,
B01MSNKJ56,B01MSNKJ56,de,Bot Check,Bot,
B01NBOD5PH,B01NBOD5PH,de,Bot Check,Bot,
B01GZ1YE0Y,B01GZ1YE0Y,de,Bot Check,Bot,
B00KBV1JQW,B00KBV1JQW,de,Bot Check,Bot,
B01MD0528T,B01MD0528T,de,Asus ZenFone 3 Laser Dual-SIM Smartphone 14 cm gold,ASUSComputer,249.0
B002IPGOKU,B002IPGOKU,de,Bot Check,Bot,
B005UEF6J6,B005UEF6J6,de,Bot Check,Bot,
B00WU79WVE,B00WU79WVE,de,Bot Check,Bot,
B01635HU6M,B01635HU6M,de,Bot Check,Bot,
B00MX1MQEC,B00MX1MQEC,de,Bot Check,Bot,
B017IKL03A,B017IKL03A,de,Bot Check,Bot,
B01L29XWPM,B01L29XWPM,de,Bot Check,Bot,
B01N6SO38B,B01N6SO38B,de,Bot Check,Bot,
B014R5Q7VE,B014R5Q7VE,de,Bot Check,Bot,
B01M0QXUDO,B01M0QXUDO,de,Bot Check,Bot,
B01M09P2MA,B01M09P2MA,de,Bot Check,Bot,
B00ORV2G7S,B00ORV2G7S,de,Bot Check,Bot,
B01L9KWPCK,B01L9KWPCK,de,Bot Check,Bot,
B01BLV6GM2,B01BLV6GM2,de,Bot Check,Bot,
B00UVKHPEI,B00UVKHPEI,de,Bot Check,Bot,
B01N315VH3,B01N315VH3,de,Bot Check,Bot,
B00G4DTQLQ,B00G4DTQLQ,de,Bot Check,Bot,
B015RIGYGI,B015RIGYGI,de,Bot Check,Bot,
B011AABZ2K,B011AABZ2K,de,"LG G4s Smartphone 5,2 Zoll titan",LGElectronics,
B0171F6D9S,B0171F6D9S,de,HTC One A9 Smartphone 5 Zoll gold,HTC,311.0
B005UEF72M,B005UEF72M,de,Bot Check,Bot,
B01M03HBI8,B01M03HBI8,de,Bot Check,Bot,
B01EI805CW,B01EI805CW,de,Bot Check,Bot,
B01EYN4U3G,B01EYN4U3G,de,Bot Check,Bot,
B01ET9PX04,B01ET9PX04,de,Bot Check,Bot,
B01N51OWWX,B01N51OWWX,de,Bot Check,Bot,
B01DBDXP40,B01DBDXP40,de,Bot Check,Bot,
B01MZYP2NS,B01MZYP2NS,de,Bot Check,Bot,
B00TG25VNE,B00TG25VNE,de,"Samsung Galaxy A7 Smartphone 5,5 Zoll midnight-black",Samsung,
B003QTDE0A,B003QTDE0A,de,Bot Check,Bot,
B01LY6LQFF,B01LY6LQFF,de,Bot Check,Bot,
B00BWV6OZ6,B00BWV6OZ6,de,Bot Check,Bot,
B01DNRSG8E,B01DNRSG8E,de,Bot Check,Bot,
B01ELJG62Q,B01ELJG62Q,de,Bot Check,Bot,
B00IRZ7D0K,B00IRZ7D0K,de,Bot Check,Bot,
B016AAM9VQ,B016AAM9VQ,de,Bot Check,Bot,
B01N47CJKR,B01N47CJKR,de,Bot Check,Bot,
B01M4L5WPE,B01M4L5WPE,de,Vernee Mars Smartphone ohne Vertrag 4G Android,Vernee,239.99
B00FG0UCC0,B00FG0UCC0,de,Bot Check,Bot,
B00D06Y8QI,B00D06Y8QI,de,Bot Check,Bot,
B013WSN2L0,B013WSN2L0,de,Bot Check,Bot,
B005UEF6QY,B005UEF6QY,de,"Apple iPhone 4S Smartphone 3,5 Zoll wei?",Apple,
B00AYRKQMG,B00AYRKQMG,de,Bot Check,Bot,
B00F8JHDN0,B00F8JHDN0,de,Bot Check,Bot,
B00GE4EZEI,B00GE4EZEI,de,Bot Check,Bot,
B00NI0E62C,B00NI0E62C,de,Bot Check,Bot,
B018ZG9OQ6,B018ZG9OQ6,de,Huawei Mate S,Huawei,341.92
B00K5V0OZK,B00K5V0OZK,de,Bot Check,Bot,
B01MXSH83Z,B01MXSH83Z,de,UMIDIGI Plus E Smartphone 14 cm,UMIDIGI,
B01LYBXCYU,B01LYBXCYU,de,Bot Check,Bot,
B00C6CZVNQ,B00C6CZVNQ,de,Bot Check,Bot,
B06VVCGDBF,B06VVCGDBF,de,Bot Check,Bot,
B01L9KWTHG,B01L9KWTHG,de,Bot Check,Bot,
B0157D109Y,B0157D109Y,de,Bot Check,Bot,
B01EY5PTIE,B01EY5PTIE,de,Bot Check,Bot,
B00J2SQRI0,B00J2SQRI0,de,Bot Check,Bot,
B017OHXHWE,B017OHXHWE,de,BlackBerry Priv schwarz QWERTY EU,Blackberry,
B06W9HY7LJ,B06W9HY7LJ,de,Bot Check,Bot,
B01LYZEBT4,B01LYZEBT4,de,Asus Zenfone 3&nbsp;Max Smartphone ohne SIM-Lock,ASUSComputer,224.88
B01FWJWIJ4,B01FWJWIJ4,de,Bot Check,Bot,
B0173I4XGS,B0173I4XGS,de,Bot Check,Bot,
B00J4UVDGW,B00J4UVDGW,de,Bot Check,Bot,
B006GJTC2G,B006GJTC2G,de,Bot Check,Bot,
B01EVP8VBE,B01EVP8VBE,de,Bot Check,Bot,
B01MFCMTHM,B01MFCMTHM,de,Bot Check,Bot,
B01M1E3DN0,B01M1E3DN0,de,Bot Check,Bot,
B00JR6JG1W,B00JR6JG1W,de,"Samsung Galaxy S5 Smartphone 5,1 Zoll - Schwarz",Samsung,
B00UNSR764,B00UNSR764,de,Bot Check,Bot,
B01L9KXLVE,B01L9KXLVE,de,Bot Check,Bot,
B06WP6QWTK,B06WP6QWTK,de,Bot Check,Bot,
B00J4UUHWS,B00J4UUHWS,de,Bot Check,Bot,
B01M03MOTN,B01M03MOTN,de,Bot Check,Bot,
B00008AOJZ,B00008AOJZ,de,Bot Check,Bot,
B00R8GL53U,B00R8GL53U,de,"Samsung Galaxy A5 Smartphone 12,7 cm champagne gold",Samsung,
B00WSC39LU,B00WSC39LU,de,Bot Check,Bot,
B0173I64EW,B0173I64EW,de,Bot Check,Bot,
B00DMYL0HS,B00DMYL0HS,de,BlackBerry Q5 Smartphone 3.1 Zoll schwarz,Blackberry,
B017BN9WRU,B017BN9WRU,de,OnePlus 2 Smartphone schwarz,ONEPLUS,
B01EC6G25E,B01EC6G25E,de,Bot Check,Bot,
B00TX5SLB8,B00TX5SLB8,de,Bot Check,Bot,
B016E1856E,B016E1856E,de,Bot Check,Bot,
B01L9KXJO8,B01L9KXJO8,de,Bot Check,Bot,
B00ARJVY8G,B00ARJVY8G,de,Bot Check,Bot,
B00NOQZGDS,B00NOQZGDS,de,Bot Check,Bot,
B019FYHB5I,B019FYHB5I,de,Bot Check,Bot,
B01LWOSMJL,B01LWOSMJL,de,Bot Check,Bot,
B00NB5XGDO,B00NB5XGDO,de,Bot Check,Bot,
B01LM1IHXW,B01LM1IHXW,de,EMPORIA SMART inkl. kostenlosem Schulungsbuch,emporiaTelecom,248.99
B01G461JX0,B01G461JX0,de,Bot Check,Bot,
B01LWUAI69,B01LWUAI69,de,Apple iPhone SE Ros¨¦gold 64GB SIM-Free,Apple,389.0
B01BWMXTUC,B01BWMXTUC,de,Bot Check,Bot,
B004YRBM1Q,B004YRBM1Q,de,Bot Check,Bot,
B00S16G7DO,B00S16G7DO,de,Bot Check,Bot,
B0142V2X8E,B0142V2X8E,de,Bot Check,Bot,
B00E4OBKQ6,B00E4OBKQ6,de,"HTC One Smartphone 11,9 cm rot",HTC,
B01MR6GK2G,B01MR6GK2G,de,Bot Check,Bot,
B000E9QDUS,B000E9QDUS,de,Bot Check,Bot,
B00O1VNPUQ,B00O1VNPUQ,de,Bot Check,Bot,
B017STY59W,B017STY59W,de,"OnePlus X Onyx 5"" Zoll Smartphone (16GB Speicher, 3GB RAM, Qualcomm Snapdragon 800 Quad Core Prozessor, 13MP/8MP Kamera, OxygenOS) Schwarz",OnePlus,
B016E1830C,B016E1830C,de,"Huawei ShotX Smartphone 13,2 cm Isle Blue",Huawei,239.9
B017GUFXD0,B017GUFXD0,de,Bot Check,Bot,
B00G7C06N6,B00G7C06N6,de,Bot Check,Bot,
B0177XY5AI,B0177XY5AI,de,Bot Check,Bot,
B00F3J2ITY,B00F3J2ITY,de,Bot Check,Bot,
B00ZRVIOJQ,B00ZRVIOJQ,de,Bot Check,Bot,
B01I5EQZ3S,B01I5EQZ3S,de,Bot Check,Bot,
B01LWIQKIW,B01LWIQKIW,de,Bot Check,Bot,
B01MF8KH71,B01MF8KH71,de,Smartphone Apple iPhone 5?C 16?GB green,iPhone,210.0
B00NOQZGEM,B00NOQZGEM,de,Bot Check,Bot,
B00KBV1JSK,B00KBV1JSK,de,Bot Check,Bot,
B002PU9OQY,B002PU9OQY,de,Bot Check,Bot,
B015CSC2Y6,B015CSC2Y6,de,Bot Check,Bot,
B00ET7MYBS,B00ET7MYBS,de,Bot Check,Bot,
B002PLH6DG,B002PLH6DG,de,Bot Check,Bot,
B01M3OH91X,B01M3OH91X,de,Bot Check,Bot,
B01MXTO8F8,B01MXTO8F8,de,"Meizu S685H 64GB SILVER M3 Max Smartphone, 13MP",Meizu,288.0
B00HQDV71U,B00HQDV71U,de,Bot Check,Bot,
B00KL3WF54,B00KL3WF54,de,Bot Check,Bot,
B01G461JHQ,B01G461JHQ,de,Bot Check,Bot,
B0129SOJUC,B0129SOJUC,de,Bot Check,Bot,
B0041RRKSS,B0041RRKSS,de,Bot Check,Bot,
B00HWBTCGI,B00HWBTCGI,de,Bot Check,Bot,
B01M0SA4OB,B01M0SA4OB,de,Bot Check,Bot,
B00U8733R2,B00U8733R2,de,"Apple iPhone 6 Smartphone 11,9 cm grau",Apple,414.0
B00F652TBM,B00F652TBM,de,Bot Check,Bot,
B01M3WI4BS,B01M3WI4BS,de,Bot Check,Bot,
B00NFG50P6,B00NFG50P6,de,Bot Check,Bot,
B00ANDTGPO,B00ANDTGPO,de,Bot Check,Bot,
B015YEE53E,B015YEE53E,de,Bot Check,Bot,
B0099LAU56,B0099LAU56,de,Bot Check,Bot,
B015DSCJT8,B015DSCJT8,de,Bot Check,Bot,
B01GCSQ2Q4,B01GCSQ2Q4,de,Sony 1303-0334 Xperia XA Dual-SIM Smartphone 5 Zoll,Sony,263.28
B00IGDZUAS,B00IGDZUAS,de,Bot Check,Bot,
B01N2S0F0M,B01N2S0F0M,de,Bot Check,Bot,
B01LSPAJVK,B01LSPAJVK,de,Bot Check,Bot,
B01H3F9NZC,B01H3F9NZC,de,Bot Check,Bot,
B01AO0SW9G,B01AO0SW9G,de,Bot Check,Bot,
B009F1ONZ8,B009F1ONZ8,de,Bot Check,Bot,
B00F8JHFD8,B00F8JHFD8,de,Bot Check,Bot,
B01LYSM54J,B01LYSM54J,de,Bot Check,Bot,
B00AIQ6HA8,B00AIQ6HA8,de,Bot Check,Bot,
B015Y5356Q,B015Y5356Q,de,Bot Check,Bot,
B01FVZYKE0,B01FVZYKE0,de,Bot Check,Bot,
B003GCAZUO,B003GCAZUO,de,Bot Check,Bot,
B00OM257SC,B00OM257SC,de,Bot Check,Bot,
B01FGVDOX2,B01FGVDOX2,de,Bot Check,Bot,
B01MUC3N2Y,B01MUC3N2Y,de,Bot Check,Bot,
B0052ZN9ZQ,B0052ZN9ZQ,de,Bot Check,Bot,
B0021B0VUU,B0021B0VUU,de,Bot Check,Bot,
B06VSNVXMM,B06VSNVXMM,de,Smartphone NOA H10,Smartphone,
B0193CF118,B0193CF118,de,Bot Check,Bot,
B01M1DQ3Q8,B01M1DQ3Q8,de,Bot Check,Bot,
B01LZMVBHU,B01LZMVBHU,de,Asus Zenfone 3&nbsp;Max Smartphone ohne SIM-Lock,ASUSComputer,239.0
B00F8JHBPK,B00F8JHBPK,de,Bot Check,Bot,
B007ZS68UG,B007ZS68UG,de,Bury CP 1000 CarPhone - Mobiltelefon f¨¹r das Auto,THBBury,349.0
B01N4HZ38X,B01N4HZ38X,de,Elephone S7 Smartphone 4G ohne Vertrag 5.5 Zoll Randlos,Ele,247.99
B01M0AAOOE,B01M0AAOOE,de,Bot Check,Bot,
B01CSAMXLI,B01CSAMXLI,de,Bot Check,Bot,
B00HU202JA,B00HU202JA,de,Bot Check,Bot,
B00G7G06XW,B00G7G06XW,de,Bot Check,Bot,
B00K5V0Q08,B00K5V0Q08,de,Bot Check,Bot,
B01MA5FC31,B01MA5FC31,de,Bot Check,Bot,
B004343W68,B004343W68,de,Bot Check,Bot,
B017WTYBUQ,B017WTYBUQ,de,Bot Check,Bot,
B00ISUSB3M,B00ISUSB3M,de,Bot Check,Bot,
B01NCSDJFR,B01NCSDJFR,de,Bot Check,Bot,
B00GDD9N60,B00GDD9N60,de,Bot Check,Bot,
B00DC7CD7G,B00DC7CD7G,de,Bot Check,Bot,
B00NZUO0Q2,B00NZUO0Q2,de,Bot Check,Bot,
B00J4UVHEA,B00J4UVHEA,de,Bot Check,Bot,
B00KGVBQPQ,B00KGVBQPQ,de,Bot Check,Bot,
B01J88WGFQ,B01J88WGFQ,de,Bot Check,Bot,
B01BWWGLBQ,B01BWWGLBQ,de,Bot Check,Bot,
B00U8PK8NG,B00U8PK8NG,de,Bot Check,Bot,
B00BI2VLQG,B00BI2VLQG,de,Bot Check,Bot,
B00JMKU3OM,B00JMKU3OM,de,"Samsung Galaxy S5 Smartphone (12,95 cm (5,1 Zoll) Touch-Display, 2,5 GHz Quad-Core Prozessor, 16 MP Kamera, Android 4.4 OS) Copper-Gold",Samsung,329.99
B01HE0RFAQ,B01HE0RFAQ,de,Bot Check,Bot,
B00J67F0YO,B00J67F0YO,de,Bot Check,Bot,
B013XCETCQ,B013XCETCQ,de,"Samsung Galaxy S6 edge+ Smartphone 14,39 cm",Samsung,
B00NW66AUS,B00NW66AUS,de,Bot Check,Bot,
B01MZB6ZWE,B01MZB6ZWE,de,Bot Check,Bot,
B00LA2XDI8,B00LA2XDI8,de,Bot Check,Bot,
B00N9O8JGG,B00N9O8JGG,de,,,
B004Z2NKKG,B004Z2NKKG,de,Bot Check,Bot,
B00GJO57WM,B00GJO57WM,de,Bot Check,Bot,
B01M3WIEE2,B01M3WIEE2,de,Bot Check,Bot,
B01MDOCQ92,B01MDOCQ92,de,Bot Check,Bot,
B01FJYFT5C,B01FJYFT5C,de,Bot Check,Bot,
B00RLJASP0,B00RLJASP0,de,HTC 20,HTC,268.12
B016KHNOAY,B016KHNOAY,de,Bot Check,Bot,
B01IJLNYXQ,B01IJLNYXQ,de,Bot Check,Bot,
B009ORDCX2,B009ORDCX2,de,Bot Check,Bot,
B00EE6P48E,B00EE6P48E,de,"HTC Desire 500 Smartphone 4,3 Zoll glacier blue",HTC,
B01M5HV9AL,B01M5HV9AL,de,Bot Check,Bot,
B01E55KBKO,B01E55KBKO,de,Bot Check,Bot,
B015R3M89A,B015R3M89A,de,Bot Check,Bot,
B00DTV8K54,B00DTV8K54,de,Bot Check,Bot,
B013WAW5ZC,B013WAW5ZC,de,Bot Check,Bot,
B00IGE2G2C,B00IGE2G2C,de,,,
B01CP4ACNI,B01CP4ACNI,de,Bot Check,Bot,
B01LYN5KBU,B01LYN5KBU,de,Bot Check,Bot,
B01LWIQJI3,B01LWIQJI3,de,Bot Check,Bot,
B01CP4A8TG,B01CP4A8TG,de,"Asus ZenFone 2 Laser ZE500KL Smartphone 5,0 Zoll gold",ASUSComputer,
B01M9K4KDD,B01M9K4KDD,de,Bot Check,Bot,
B01LW9PSH7,B01LW9PSH7,de,Vernee Apollo Lite 5.5 Zoll 4G Smartphone Android 6.0 Deca-core Dual SIM 4GB RAM + 32GB ROM 16MP 5MP Dual Kamera FHD 1920*1080 Pixels screen Handy ohne Vertrag 3180mAh Quick charge Corning Gorilla Glass 3 OTG GSM/WCDMA/FDD-LTE Gyroscope Kompass Fingerprint GPS Wifi Schwarz,Vernee,
B001ANGMSA,B001ANGMSA,de,Bot Check,Bot,
B01BY4Y9LQ,B01BY4Y9LQ,de,Bot Check,Bot,
B018GU5YAQ,B018GU5YAQ,de,Bot Check,Bot,
B01LZMYDYJ,B01LZMYDYJ,de,Bot Check,Bot,
B00ICF986M,B00ICF986M,de,Bot Check,Bot,
B01KOAKVSQ,B01KOAKVSQ,de,Bot Check,Bot,
B00TX24XO0,B00TX24XO0,de,Bot Check,Bot,
B01N1G43F8,B01N1G43F8,de,Bot Check,Bot,
B01ALBSB3A,B01ALBSB3A,de,Bot Check,Bot,
B00F8WGFIQ,B00F8WGFIQ,de,,,
B01AEKOF8S,B01AEKOF8S,de,Bot Check,Bot,
B000NLTFO8,B000NLTFO8,de,Bot Check,Bot,
B01JIMX9P8,B01JIMX9P8,de,Bot Check,Bot,
B00E0G3R8W,B00E0G3R8W,de,Bot Check,Bot,
B015DSCJDY,B015DSCJDY,de,Bot Check,Bot,
B00KKM2WT0,B00KKM2WT0,de,Bot Check,Bot,
B01L9KXLL4,B01L9KXLL4,de,Bot Check,Bot,
B006W0YTWW,B006W0YTWW,de,Bot Check,Bot,
B00KKM2TIO,B00KKM2TIO,de,Bot Check,Bot,
B0137J3AG6,B0137J3AG6,de,Bot Check,Bot,
B0148NYRH6,B0148NYRH6,de,Bot Check,Bot,
B00VLSLEMS,B00VLSLEMS,de,Bot Check,Bot,
B015ELYH1M,B015ELYH1M,de,Bot Check,Bot,
B014RPIIPC,B014RPIIPC,de,Bot Check,Bot,
B016XRBON0,B016XRBON0,de,Bot Check,Bot,
B0000665KW,B0000665KW,de,Bot Check,Bot,
B00W53WHFG,B00W53WHFG,de,Bot Check,Bot,
B00F8JHCMC,B00F8JHCMC,de,Bot Check,Bot,
B01M9IORR8,B01M9IORR8,de,Bot Check,Bot,
B006W0YTKE,B006W0YTKE,de,Bot Check,Bot,
B00I8RXP5O,B00I8RXP5O,de,Bot Check,Bot,
B017KTGB2E,B017KTGB2E,de,Bot Check,Bot,
B00NEEXAF6,B00NEEXAF6,de,Bot Check,Bot,
B01L9KXFSI,B01L9KXFSI,de,Bot Check,Bot,
B00QAZN7Z4,B00QAZN7Z4,de,,,
B00157WANW,B00157WANW,de,Bot Check,Bot,
B01M0IQK82,B01M0IQK82,de,Ulefone Future Android 6.0 Smartphone 4G LTE 3G WCDMA,Ulefone,239.99
B00AXSXEHA,B00AXSXEHA,de,Bot Check,Bot,
B01LNM98RY,B01LNM98RY,de,Bot Check,Bot,
B00JWXC2CK,B00JWXC2CK,de,Bot Check,Bot,
B00MBRR7QU,B00MBRR7QU,de,Bot Check,Bot,
B009W7HMEE,B009W7HMEE,de,Bot Check,Bot,
B00VIQMPKI,B00VIQMPKI,de,Bot Check,Bot,
B01FWKLT0C,B01FWKLT0C,de,Bot Check,Bot,
B00ZZAJHCW,B00ZZAJHCW,de,Bot Check,Bot,
B00U7LRNVG,B00U7LRNVG,de,Bot Check,Bot,
B0046HX1T0,B0046HX1T0,de,Bot Check,Bot,
B00BN841MQ,B00BN841MQ,de,Bot Check,Bot,
B00KO6WE8G,B00KO6WE8G,de,,,
B01N1FAP08,B01N1FAP08,de,Bot Check,Bot,
B00BCSXOOS,B00BCSXOOS,de,Bot Check,Bot,
B01CP4ACVA,B01CP4ACVA,de,Bot Check,Bot,
B0157D0XK6,B0157D0XK6,de,Bot Check,Bot,
B00SM3KOV2,B00SM3KOV2,de,Bot Check,Bot,
B008PUWS4S,B008PUWS4S,de,Bot Check,Bot,
B06WVGT35J,B06WVGT35J,de,"Blackview P2 - 5.5 Zoll Android 6.0 4G smartphone 4GB RAM 64GB ROM Octa Core 1,5 GHz 8.0MP + 13.0MP Kameras verwenden Fingerabdruck 6000mAh Batterie Metallgeh?use - Champagner-Gold",Blackview,
B01CS8I454,B01CS8I454,de,Bot Check,Bot,
B01GZXIHOQ,B01GZXIHOQ,de,Bot Check,Bot,
B000VDBC6M,B000VDBC6M,de,Nokia 6500 classic black Handy,Microsoft,
B0172DR2TO,B0172DR2TO,de,Bot Check,Bot,
B01N37V19G,B01N37V19G,de,,,
B00M10MM7Q,B00M10MM7Q,de,Bot Check,Bot,
B01MY0VJ5Y,B01MY0VJ5Y,de,Bot Check,Bot,
B00HWBTHKY,B00HWBTHKY,de,Bot Check,Bot,
B0179IUFK0,B0179IUFK0,de,,,
B01HP227F6,B01HP227F6,de,Bot Check,Bot,
B013WU20OS,B013WU20OS,de,Bot Check,Bot,
B00YTW2GI4,B00YTW2GI4,de,Sony Xperia C4 - 16 GB - Schwarz,Sony,
B01N440QAY,B01N440QAY,de,Bot Check,Bot,
B00BWV6PXW,B00BWV6PXW,,,,
B01GKMYT7Q,B01GKMYT7Q,,,,
B014VZFYAK,B014VZFYAK,,,,
B0046HT9AU,B0046HT9AU,,,,
B005CLJ3MS,B005CLJ3MS,,,,
B005JS9DVK,B005JS9DVK,,,,
B0185SMOCK,B0185SMOCK,,,,
B01MSY97YK,B01MSY97YK,,,,
B01LXKOCX2,B01LXKOCX2,,,,
B002KCO6KQ,B002KCO6KQ,,,,
B01EZTSTKO,B01EZTSTKO,,,,
B01KOJJZ20,B01KOJJZ20,,,,
B010V44R3U,B010V44R3U,,,,
B00MIVFOT6,B00MIVFOT6,,,,
B01DOYLAN4,B01DOYLAN4,,,,
B01FQXFH94,B01FQXFH94,,,,
B000EHMNWC,B000EHMNWC,,,,
B00IKFATOO,B00IKFATOO,,,,
B014UUQM52,B014UUQM52,,,,
B016K2TMK0,B016K2TMK0,,,,
B016KC8PBW,B016KC8PBW,,,,
B007T42D00,B007T42D00,,,,
B000GLHTVQ,B000GLHTVQ,,,,
B01LWQ77RM,B01LWQ77RM,,,,
B01GSGZJ8W,B01GSGZJ8W,,,,
B01N3D2AOF,B01N3D2AOF,,,,
B002NSM6XG,B002NSM6XG,,,,
B00EZ13J6W,B00EZ13J6W,,,,
B01J62AXYK,B01J62AXYK,,,,
B003UPO562,B003UPO562,,,,
B000E81U9S,B000E81U9S,,,,
B00P00KYJC,B00P00KYJC,,,,
B002KLH7W6,B002KLH7W6,,,,
B01M33R1TT,B01M33R1TT,,,,
B00UVKHV7O,B00UVKHV7O,,,,
B009GHTY14,B009GHTY14,,,,
B000OA2TF0,B000OA2TF0,,,,
B01FVZYKA4,B01FVZYKA4,,,,
B01EA1VI6Y,B01EA1VI6Y,,,,
B01MXZ22XL,B01MXZ22XL,,,,
B007HK71TY,B007HK71TY,,,,
B004FRLIWS,B004FRLIWS,,,,
B015CM170C,B015CM170C,,,,
B01L9KXG2I,B01L9KXG2I,,,,
B007R3PVXY,B007R3PVXY,,,,
B01N48M7SZ,B01N48M7SZ,,,,
B00FG1J7FC,B00FG1J7FC,,,,
B01N2KKIVM,B01N2KKIVM,,,,
B00IJRTPE8,B00IJRTPE8,,,,
B00UO8JFYU,B00UO8JFYU,,,,
B0046HYSM4,B0046HYSM4,,,,
B003DA5P22,B003DA5P22,,,,
B01FSZFQ46,B01FSZFQ46,,,,
B00VFNAL3M,B00VFNAL3M,,,,
B00X9WEPJ8,B00X9WEPJ8,,,,
B0079XDF44,B0079XDF44,,,,
B01IIA3V8Q,B01IIA3V8Q,,,,
B0046YBAJQ,B0046YBAJQ,,,,
B01HTKGUYI,B01HTKGUYI,,,,
B00N9BORG0,B00N9BORG0,,,,
B00LECWFB0,B00LECWFB0,,,,
B00NBZ7FSG,B00NBZ7FSG,,,,
B00X9WFGJ6,B00X9WFGJ6,,,,
B001UHNWPW,B001UHNWPW,,,,
B00096ZORY,B00096ZORY,,,,
B004G99QV0,B004G99QV0,,,,
B007TSI8C8,B007TSI8C8,,,,
B01LW750IR,B01LW750IR,,,,
B000W88J4Y,B000W88J4Y,,,,
B0058HTWJU,B0058HTWJU,,,,
B005BN1Z1E,B005BN1Z1E,,,,
B01E55KCBW,B01E55KCBW,,,,
B01LXJ99MH,B01LXJ99MH,,,,
B00BWV6QJA,B00BWV6QJA,,,,
B008E986K0,B008E986K0,,,,
B00DB93SLA,B00DB93SLA,,,,
B01MZ2MVG3,B01MZ2MVG3,,,,
B017LHOCV2,B017LHOCV2,,,,
B00XJFAXOG,B00XJFAXOG,,,,
B00RYDONEA,B00RYDONEA,,,,
B01N18APQV,B01N18APQV,,,,
B00B5LQCVO,B00B5LQCVO,,,,
B007UN4DQ2,B007UN4DQ2,,,,
B0154YH8LA,B0154YH8LA,,,,
B00DGJ6E34,B00DGJ6E34,,,,
B00GD98CU2,B00GD98CU2,,,,
B01N7CWOP9,B01N7CWOP9,,,,
B016N0T2UY,B016N0T2UY,,,,
B00005UUZH,B00005UUZH,,,,
B0177X8ZJA,B0177X8ZJA,,,,
B01N24664Y,B01N24664Y,,,,
B01DDP7YDE,B01DDP7YDE,,,,
B01EI81S3M,B01EI81S3M,,,,
B01BWVLZ04,B01BWVLZ04,,,,
B01HTARHCM,B01HTARHCM,,,,
B01N1FJIJG,B01N1FJIJG,,,,
B017TLVR36,B017TLVR36,,,,
B00YTW2GA2,B00YTW2GA2,,,,
B00BEAITWQ,B00BEAITWQ,,,,
B00008AOL5,B00008AOL5,,,,
B00E4MHY6I,B00E4MHY6I,,,,
B00ECO8AES,B00ECO8AES,,,,
B00CO21YZM,B00CO21YZM,,,,
B001V5IX70,B001V5IX70,,,,
B0177UJ54W,B0177UJ54W,,,,
B01M1P3LGO,B01M1P3LGO,,,,
B01B6BS5AS,B01B6BS5AS,,,,
B00005LEJP,B00005LEJP,,,,
B0142V2W4E,B0142V2W4E,,,,
B01LY5VKXI,B01LY5VKXI,,,,
B000BDETD0,B000BDETD0,,,,
B0002TMZH0,B0002TMZH0,,,,
B01LYX971O,B01LYX971O,,,,
B015GKRCC2,B015GKRCC2,,,,
B01EFFLLNU,B01EFFLLNU,,,,
B004JM61A8,B004JM61A8,,,,
B01N682UYM,B01N682UYM,,,,
B01GA4L03K,B01GA4L03K,,,,
B004BKMJAY,B004BKMJAY,,,,
B00661SIXI,B00661SIXI,,,,
B00GD98JKA,B00GD98JKA,,,,
B00MXR67V4,B00MXR67V4,,,,
B01IJLNYZO,B01IJLNYZO,,,,
B01N0OVPAB,B01N0OVPAB,,,,
B01LXOJZVW,B01LXOJZVW,,,,
B00TG25UOY,B00TG25UOY,,,,
B00XJKPB84,B00XJKPB84,,,,
B01EB2QCG8,B01EB2QCG8,,,,
B0177UR8QE,B0177UR8QE,,,,
B01MT5OY68,B01MT5OY68,,,,
B007RME0E6,B007RME0E6,,,,
B00OE45OUE,B00OE45OUE,,,,
B00ARJVXT6,B00ARJVXT6,,,,
B004C67AC4,B004C67AC4,,,,
B00P7R9QWE,B00P7R9QWE,,,,
B00Q3XZYO0,B00Q3XZYO0,,,,
B00004YV4C,B00004YV4C,,,,
B01NBKNIRP,B01NBKNIRP,,,,
B00TX24XJU,B00TX24XJU,,,,
B01MZ93IQ2,B01MZ93IQ2,,,,
B00OKCVZOO,B00OKCVZOO,,,,
B00CES59A2,B00CES59A2,,,,
B00WPCARKE,B00WPCARKE,,,,
B00WXLHR6O,B00WXLHR6O,,,,
B001FWYXFA,B001FWYXFA,,,,
B00F8WGF1S,B00F8WGF1S,,,,
B00DMYKZY2,B00DMYKZY2,,,,
B014PJVYAG,B014PJVYAG,,,,
B01BYD17WQ,B01BYD17WQ,,,,
B00BN8428O,B00BN8428O,,,,
B01FAQDEOW,B01FAQDEOW,,,,
B01ALCMLMG,B01ALCMLMG,,,,
B00TXQ671S,B00TXQ671S,,,,
B00D06Y9JY,B00D06Y9JY,,,,
B012TACMLS,B012TACMLS,,,,
B009DSQNKQ,B009DSQNKQ,,,,
B00LJOCGI0,B00LJOCGI0,,,,
B01FAQDEJW,B01FAQDEJW,,,,
B00BT5UJ42,B00BT5UJ42,,,,
B000FCUX7S,B000FCUX7S,,,,
B01LPNTSU8,B01LPNTSU8,,,,
B005XLW7AM,B005XLW7AM,,,,
B01H1Q52S0,B01H1Q52S0,,,,
B019C0ZQWA,B019C0ZQWA,,,,
B01C3906TA,B01C3906TA,,,,
B000FE5EHU,B000FE5EHU,,,,
B01LZEUEYS,B01LZEUEYS,,,,
B005LAVADU,B005LAVADU,,,,
B015Z2VFZ6,B015Z2VFZ6,,,,
B001AXA056,B001AXA056,,,,
B00A2PY3P6,B00A2PY3P6,,,,
B00OZ0ANMQ,B00OZ0ANMQ,,,,
B0142Y6JT0,B0142Y6JT0,,,,
B015CMGGLM,B015CMGGLM,,,,
B00VSWKLX0,B00VSWKLX0,,,,
B00NIV5BJ8,B00NIV5BJ8,,,,
B01N11ED47,B01N11ED47,,,,
B00NFG55YW,B00NFG55YW,,,,
B0171KE0I4,B0171KE0I4,,,,
B01M0F76FI,B01M0F76FI,,,,
B00D06Y90S,B00D06Y90S,,,,
B00JRE4FHE,B00JRE4FHE,,,,
B005908W9W,B005908W9W,,,,
B00VX6H620,B00VX6H620,,,,
B01LRSWVGE,B01LRSWVGE,,,,
B01B7C9YJC,B01B7C9YJC,,,,
B00O2BQ1OW,B00O2BQ1OW,,,,
B0062ZFSCM,B0062ZFSCM,,,,
B00UVHOVLQ,B00UVHOVLQ,,,,
B01EYN4UEU,B01EYN4UEU,,,,
B0013TF6HY,B0013TF6HY,,,,
B01GCSQ2AK,B01GCSQ2AK,,,,
B00NFWYWI6,B00NFWYWI6,,,,
B0185ML7B0,B0185ML7B0,,,,
284446475,284446475,,,,
B0000C76SJ,B0000C76SJ,,,,
B015R3M88G,B015R3M88G,,,,
B01J63141U,B01J63141U,,,,
B00IKN5GOO,B00IKN5GOO,,,,
B00OYN7N90,B00OYN7N90,,,,
B00UL11XRW,B00UL11XRW,,,,
B00LET5U6K,B00LET5U6K,,,,
B001V7RK2M,B001V7RK2M,,,,
B00U6GXXI4,B00U6GXXI4,,,,
B01LNM98UG,B01LNM98UG,,,,
B01E55KE38,B01E55KE38,,,,
B01M706FBF,B01M706FBF,,,,
B015ST7ZGY,B015ST7ZGY,,,,
B00DUFOGPC,B00DUFOGPC,,,,
B00NHQNKPQ,B00NHQNKPQ,,,,
B000HAEQKS,B000HAEQKS,,,,
B00NOZLUFM,B00NOZLUFM,,,,
B00PCQ1RFY,B00PCQ1RFY,,,,
B001V7RK2C,B001V7RK2C,,,,
B0087O7XAQ,B0087O7XAQ,,,,
B01EYJY01C,B01EYJY01C,,,,
B00006CJJZ,B00006CJJZ,,,,
B0038JDF2K,B0038JDF2K,,,,
B00L8687LE,B00L8687LE,,,,
B003XHGQHI,B003XHGQHI,,,,
B01AO6OEZG,B01AO6OEZG,,,,
B00E4MHY54,B00E4MHY54,,,,
B014HKMDDU,B014HKMDDU,,,,
B005LVL6HE,B005LVL6HE,,,,
B005V7R546,B005V7R546,,,,
B005KJ6ML2,B005KJ6ML2,,,,
B01CD48YE4,B01CD48YE4,,,,
B015FY23KK,B015FY23KK,,,,
B01AWZI4MI,B01AWZI4MI,,,,
B00GUB55TO,B00GUB55TO,,,,
B016DOKH54,B016DOKH54,,,,
B0089X8VJM,B0089X8VJM,,,,
B01EYN4U54,B01EYN4U54,,,,
B01LXHX3DO,B01LXHX3DO,,,,
B00MIVFWD4,B00MIVFWD4,,,,
B01COVAXNG,B01COVAXNG,,,,
B014X3455U,B014X3455U,,,,
B01LZ7PGB8,B01LZ7PGB8,,,,
B009JY1C28,B009JY1C28,,,,
B000AMPYPO,B000AMPYPO,,,,
B00JONOR6W,B00JONOR6W,,,,
B01521EEX0,B01521EEX0,,,,
B01AIT34LY,B01AIT34LY,,,,
B01MQSLE4Q,B01MQSLE4Q,,,,
B011IP4KKQ,B011IP4KKQ,,,,
B007VKAN8G,B007VKAN8G,,,,
B01BVV6WA8,B01BVV6WA8,,,,
B00005NUHC,B00005NUHC,,,,
B00OZ06WVW,B00OZ06WVW,,,,
B009EVP3A8,B009EVP3A8,,,,
B00L1H4XW2,B00L1H4XW2,,,,
B017YDXUQG,B017YDXUQG,,,,
B00AI73LAQ,B00AI73LAQ,,,,
B01N32HOF9,B01N32HOF9,,,,
B019M0IPYG,B019M0IPYG,,,,
B01ERY7UZC,B01ERY7UZC,,,,
B000JKNI3W,B000JKNI3W,,,,
B00HN4RHAM,B00HN4RHAM,,,,
B018RVE8AQ,B018RVE8AQ,,,,
B00EB7Q65Q,B00EB7Q65Q,,,,
B00PP0MA3U,B00PP0MA3U,,,,
B01DNUDNAM,B01DNUDNAM,,,,
B0160ICENG,B0160ICENG,,,,
B01IJLNYR2,B01IJLNYR2,,,,
028416321X,028416321X,,,,
B00BNCLLM0,B00BNCLLM0,,,,
B01HO3I4FI,B01HO3I4FI,,,,
B010UJNFQG,B010UJNFQG,,,,
B00RW7HD1S,B00RW7HD1S,,,,
B016P4IES4,B016P4IES4,,,,
B01G8CYIHY,B01G8CYIHY,,,,
B000NTEQ08,B000NTEQ08,,,,
B011IP4L4G,B011IP4L4G,,,,
B006T2KTVS,B006T2KTVS,,,,
B0186EU1MS,B0186EU1MS,,,,
B01KZM8BPS,B01KZM8BPS,,,,
B00WTOWHAQ,B00WTOWHAQ,,,,
B01HTK9X06,B01HTK9X06,,,,
B0087O7UAY,B0087O7UAY,,,,
B00HN4RH8Y,B00HN4RH8Y,,,,
B0169OSD8Q,B0169OSD8Q,,,,
B01M1RPV8T,B01M1RPV8T,,,,
B014WOKBBC,B014WOKBBC,,,,
B01F2HTKA6,B01F2HTKA6,,,,
B0078L3MJU,B0078L3MJU,,,,
B00KJF4S40,B00KJF4S40,,,,
B01KSMSTA2,B01KSMSTA2,,,,
B01N1Z5J1C,B01N1Z5J1C,,,,
B0038JDF34,B0038JDF34,,,,
B002YDZSQM,B002YDZSQM,,,,
B00WU79WRS,B00WU79WRS,,,,
B01M0GDDV1,B01M0GDDV1,,,,
B012TAUW88,B012TAUW88,,,,
B00BNAKJ0W,B00BNAKJ0W,,,,
B01FMCGSCY,B01FMCGSCY,,,,
B01LYBS9M3,B01LYBS9M3,,,,
B000ACKV2K,B000ACKV2K,,,,
B00OXO2FO8,B00OXO2FO8,,,,
B015ST7ZFK,B015ST7ZFK,,,,
B01K7GE2AU,B01K7GE2AU,,,,
B015WNPXU6,B015WNPXU6,,,,
B01CO6FZ34,B01CO6FZ34,,,,
B002CRPH3E,B002CRPH3E,,,,
B00MUSIN40,B00MUSIN40,,,,
B007A2K9YS,B007A2K9YS,,,,
B01GCSQ2BY,B01GCSQ2BY,,,,
B01EC6G1SM,B01EC6G1SM,,,,
B01EWOUMT8,B01EWOUMT8,,,,
B00ANBTBXI,B00ANBTBXI,,,,
B010MFT198,B010MFT198,,,,
B00KMZ07J2,B00KMZ07J2,,,,
B0137U3GQE,B0137U3GQE,,,,
B011ZF6GQK,B011ZF6GQK,,,,
B019YDADSM,B019YDADSM,,,,
B01N99C8X6,B01N99C8X6,,,,
B00A2XXXKE,B00A2XXXKE,,,,
B01GZZKDHI,B01GZZKDHI,,,,
B011IP4KK6,B011IP4KK6,,,,
B00F3J4HCA,B00F3J4HCA,,,,
B0050HJN06,B0050HJN06,,,,
B00NF3HX7M,B00NF3HX7M,,,,
B01410APKO,B01410APKO,,,,
B01NAFRT97,B01NAFRT97,,,,
B00C3GBRRO,B00C3GBRRO,,,,
B00CXO7HQQ,B00CXO7HQQ,,,,
B000GLIYJC,B000GLIYJC,,,,
B001OD2OAQ,B001OD2OAQ,,,,
B01FR30WVQ,B01FR30WVQ,,,,
B00X5HT2UE,B00X5HT2UE,,,,
B00XP3UCF2,B00XP3UCF2,,,,
B01MG96NHI,B01MG96NHI,,,,
B00PCQ1Q28,B00PCQ1Q28,,,,
B00I0NUSBK,B00I0NUSBK,,,,
B002VWK69A,B002VWK69A,,,,
B015ZMW3PW,B015ZMW3PW,,,,
B00UA8JZA8,B00UA8JZA8,,,,
B00OHVB4RG,B00OHVB4RG,,,,
B01G8CYYC8,B01G8CYYC8,,,,
B00PAWZFSA,B00PAWZFSA,,,,
B004JQPZU6,B004JQPZU6,,,,
B01H7LF112,B01H7LF112,,,,
B00KO4OXPU,B00KO4OXPU,,,,
B01D3RPUJ2,B01D3RPUJ2,,,,
B012A5CFCI,B012A5CFCI,,,,
B01LWLI1UG,B01LWLI1UG,,,,
B01LYSR1KP,B01LYSR1KP,,,,
B01GS75AYE,B01GS75AYE,,,,
B002WGECOA,B002WGECOA,,,,
B01M20V4MI,B01M20V4MI,,,,
B001DEJK6M,B001DEJK6M,,,,
B01IBK92JK,B01IBK92JK,,,,
B00ZQVUVUC,B00ZQVUVUC,,,,
B01N4159VR,B01N4159VR,,,,
B01G8CYI60,B01G8CYI60,,,,
B01E5SCKKU,B01E5SCKKU,,,,
B00BWV6QVI,B00BWV6QVI,,,,
B01LTGWHOA,B01LTGWHOA,,,,
B00NWC5W4C,B00NWC5W4C,,,,
B00PK4IQDO,B00PK4IQDO,,,,
B01G42LPBA,B01G42LPBA,,,,
B00WGM3UFM,B00WGM3UFM,,,,
B004FN8DRK,B004FN8DRK,,,,
B00T1ECWJS,B00T1ECWJS,,,,
B01486B000,B01486B000,,,,
B012CKVZ18,B012CKVZ18,,,,
B00UJILMLE,B00UJILMLE,,,,
B00GQVANNG,B00GQVANNG,,,,
B00SLP2YIC,B00SLP2YIC,,,,
B00JZ7XWBI,B00JZ7XWBI,,,,
B01G8CYXGA,B01G8CYXGA,,,,
B01M3S4U7N,B01M3S4U7N,,,,
B01BK7RBOE,B01BK7RBOE,,,,
B01E5SCJNI,B01E5SCJNI,,,,
B00U6GY1FI,B00U6GY1FI,,,,
B0038N31GQ,B0038N31GQ,,,,
B00H4FSD26,B00H4FSD26,,,,
B000BYZOPG,B000BYZOPG,,,,
B014KHCDQM,B014KHCDQM,,,,
B00IQVS386,B00IQVS386,,,,
B002BWBCLG,B002BWBCLG,,,,
B01CD491QE,B01CD491QE,,,,
B007HK72J8,B007HK72J8,,,,
B0193J5XIC,B0193J5XIC,,,,
B00SFZ1AE2,B00SFZ1AE2,,,,
B009ZCB26A,B009ZCB26A,,,,
B005UL5B1M,B005UL5B1M,,,,
B00NK332IG,B00NK332IG,,,,
B00RLJAO4U,B00RLJAO4U,,,,
B00DSR6WMM,B00DSR6WMM,,,,
B01GS1GBA2,B01GS1GBA2,,,,
B01G42RNZC,B01G42RNZC,,,,
B01GHJKWHI,B01GHJKWHI,,,,
B016YRCR4E,B016YRCR4E,,,,
B00IZCFZZA,B00IZCFZZA,,,,
B00IRZ7Z4Y,B00IRZ7Z4Y,,,,
B01M03MJUJ,B01M03MJUJ,,,,
B000VXLXVG,B000VXLXVG,,,,
B003TJO7EY,B003TJO7EY,,,,
B014F7H8ZS,B014F7H8ZS,,,,
B00005Y4BF,B00005Y4BF,,,,
B01N7GAL3Z,B01N7GAL3Z,,,,
B01GA4TEIS,B01GA4TEIS,,,,
B017W1C0T8,B017W1C0T8,,,,
B01EALVJPE,B01EALVJPE,,,,
B00BNAKJFW,B00BNAKJFW,,,,
B01GQ3ICHC,B01GQ3ICHC,,,,
B00U6GY82E,B00U6GY82E,,,,
B00BJ2Z3G4,B00BJ2Z3G4,,,,
B000HDCC9C,B000HDCC9C,,,,
B00KHR44X0,B00KHR44X0,,,,
B01M4LVJ16,B01M4LVJ16,,,,
B00JVWYA68,B00JVWYA68,,,,
B00NOIGAPE,B00NOIGAPE,,,,
B00XWFRLTI,B00XWFRLTI,,,,
B01M8LP1D2,B01M8LP1D2,,,,
B0085PBFN8,B0085PBFN8,,,,
B00JQB3CWC,B00JQB3CWC,,,,
B0000AL6QU,B0000AL6QU,,,,
B00096ZQ6S,B00096ZQ6S,,,,
B00BBKWZG0,B00BBKWZG0,,,,
B01HP1537G,B01HP1537G,,,,
B0046SYQG6,B0046SYQG6,,,,
B01ALCMLI0,B01ALCMLI0,,,,
B01C4O8MRC,B01C4O8MRC,,,,
B01E55KCPI,B01E55KCPI,,,,
B01A6WMEWI,B01A6WMEWI,,,,
B018EGU1JQ,B018EGU1JQ,,,,
B0116CC7UQ,B0116CC7UQ,,,,
B00FFDHECO,B00FFDHECO,,,,
B016B7INC2,B016B7INC2,,,,
B0171H8XM6,B0171H8XM6,,,,
B00FB8IK3A,B00FB8IK3A,,,,
B00BN840KO,B00BN840KO,,,,
B0000665L0,B0000665L0,,,,
284445363,284445363,,,,
B01ALBSB6M,B01ALBSB6M,,,,
B009ZZ4G0G,B009ZZ4G0G,,,,
B00UVKI9JS,B00UVKI9JS,,,,
B00FBTZB7W,B00FBTZB7W,,,,
B00Y2ZP2XO,B00Y2ZP2XO,,,,
B00YEOXWX0,B00YEOXWX0,,,,
B01FXGS9SK,B01FXGS9SK,,,,
B003IJAE1U,B003IJAE1U,,,,
B005OUWE9Q,B005OUWE9Q,,,,
B00Q9K8IJU,B00Q9K8IJU,,,,
B00IOUCP4C,B00IOUCP4C,,,,
B01CP4A8RS,B01CP4A8RS,,,,
B004XBQ9HK,B004XBQ9HK,,,,
B00P1M0SKE,B00P1M0SKE,,,,
B019CEFW2K,B019CEFW2K,,,,
B005KJ6MDA,B005KJ6MDA,,,,
B00U8PKHWS,B00U8PKHWS,,,,
B01DB50WHG,B01DB50WHG,,,,
B01JUTTOOO,B01JUTTOOO,,,,
B00GTSLIZS,B00GTSLIZS,,,,
B01GRF5AGU,B01GRF5AGU,,,,
B01CSAMPEI,B01CSAMPEI,,,,
B01LPNTP1K,B01LPNTP1K,,,,
B01FMABXS0,B01FMABXS0,,,,
B00RJMKHLE,B00RJMKHLE,,,,
B00MECVOZC,B00MECVOZC,,,,
B00OZ4T6VQ,B00OZ4T6VQ,,,,
B006M03GR6,B006M03GR6,,,,
B00VLSLJLE,B00VLSLJLE,,,,
B000EOTT8G,B000EOTT8G,,,,
B0043IXE3K,B0043IXE3K,,,,
B0058HTWFO,B0058HTWFO,,,,
B00535A7G4,B00535A7G4,,,,
B01HO2K4HU,B01HO2K4HU,,,,
B00ITJSRN6,B00ITJSRN6,,,,
B00OTAQZ38,B00OTAQZ38,,,,
B00BMP9T0E,B00BMP9T0E,,,,
B00ECO87JG,B00ECO87JG,,,,
B0042H40P8,B0042H40P8,,,,
B009ES784U,B009ES784U,,,,
B01EKHFND2,B01EKHFND2,,,,
B00YC6A5KS,B00YC6A5KS,,,,
B018FV5RA8,B018FV5RA8,,,,
B01M0FCQ5O,B01M0FCQ5O,,,,
B00UYD9Y3C,B00UYD9Y3C,,,,
B00NR8KMAK,B00NR8KMAK,,,,
B01LOZFPUE,B01LOZFPUE,,,,
B01BNPYTSO,B01BNPYTSO,,,,
B00TEOXUIM,B00TEOXUIM,,,,
B01B9QSXXY,B01B9QSXXY,,,,
B009ETBBJM,B009ETBBJM,,,,
B002OISPB2,B002OISPB2,,,,
B00SV5U59M,B00SV5U59M,,,,
B01LY97DF5,B01LY97DF5,,,,
B00KG1HXFS,B00KG1HXFS,,,,
B01AEKODXU,B01AEKODXU,,,,
B00J9QIA1C,B00J9QIA1C,,,,
B003PK37JI,B003PK37JI,,,,
B00RJMKPNE,B00RJMKPNE,,,,
B015PK3FQU,B015PK3FQU,,,,
B00WU79XW2,B00WU79XW2,,,,
B000T78HQS,B000T78HQS,,,,
B00MU3U3ZC,B00MU3U3ZC,,,,
B01BFBO6QQ,B01BFBO6QQ,,,,
B01CSG75DI,B01CSG75DI,,,,
B00HZRA8S0,B00HZRA8S0,,,,
B00N7SF750,B00N7SF750,,,,
B015FRLJAC,B015FRLJAC,,,,
B005KPD7SW,B005KPD7SW,,,,
B005HNTO5M,B005HNTO5M,,,,
B01LZL7WMH,B01LZL7WMH,,,,
B015PN6AOQ,B015PN6AOQ,,,,
B002S49CJQ,B002S49CJQ,,,,
B012NI1FHS,B012NI1FHS,,,,
B00KGX4M3M,B00KGX4M3M,,,,
B01KVAI6QI,B01KVAI6QI,,,,
B000FE93GS,B000FE93GS,,,,
B016W62SQO,B016W62SQO,,,,
B00BC1RZXG,B00BC1RZXG,,,,
B014J3HK88,B014J3HK88,,,,
B00426Z0HG,B00426Z0HG,,,,
B01C7A8JM6,B01C7A8JM6,,,,
B00BT99QMO,B00BT99QMO,,,,
B00WUZM5TW,B00WUZM5TW,,,,
B01BI1EG4A,B01BI1EG4A,,,,
B002COINI8,B002COINI8,,,,
B00005KBGU,B00005KBGU,,,,
B00XVIXFYG,B00XVIXFYG,,,,
B00BJO9VWY,B00BJO9VWY,,,,
B0151PJWL6,B0151PJWL6,,,,
B000WV6VMI,B000WV6VMI,,,,
B00VIQN872,B00VIQN872,,,,
B01ALBSB7Q,B01ALBSB7Q,,,,
B00VH6E7FA,B00VH6E7FA,,,,
B01EAMLRRI,B01EAMLRRI,,,,
B00VFLQNQI,B00VFLQNQI,,,,
B01KQEHBU6,B01KQEHBU6,,,,
B00KBWF0NY,B00KBWF0NY,,,,
B004YWLD5Q,B004YWLD5Q,,,,
B004YZF14C,B004YZF14C,,,,
B01DZZZK1K,B01DZZZK1K,,,,
B00HR1TYBQ,B00HR1TYBQ,,,,
B00NOLWMJY,B00NOLWMJY,,,,
B00X5HT420,B00X5HT420,,,,
B00JH0AEZK,B00JH0AEZK,,,,
B00CKVZ598,B00CKVZ598,,,,
B01KXIX65E,B01KXIX65E,,,,
B01CSAMXPO,B01CSAMXPO,,,,
B0097CZF5C,B0097CZF5C,,,,
B01B6BS5MG,B01B6BS5MG,,,,
B00BI2VL5M,B00BI2VL5M,,,,
B000P621E2,B000P621E2,,,,
B01K7EL9NU,B01K7EL9NU,,,,
B01FMAC7QC,B01FMAC7QC,,,,
B00U8PK3AE,B00U8PK3AE,,,,
B00XNVQXR2,B00XNVQXR2,,,,
B011IP4LH8,B011IP4LH8,,,,
B00F8C885E,B00F8C885E,,,,
B00BL5A29C,B00BL5A29C,,,,
B016DOKH9K,B016DOKH9K,,,,
B0014Z1GAI,B0014Z1GAI,,,,
B00T1X8SI8,B00T1X8SI8,,,,
B00XAA7DE8,B00XAA7DE8,,,,
B00NFQ3MWE,B00NFQ3MWE,,,,
B00XBO30YK,B00XBO30YK,,,,
B011KQ78NO,B011KQ78NO,,,,
B016DOKGWS,B016DOKGWS,,,,
B017INPXJ4,B017INPXJ4,,,,
B01M5GUTWP,B01M5GUTWP,,,,
B01M32Q9ZH,B01M32Q9ZH,,,,
B01F3TUA2K,B01F3TUA2K,,,,
B00CJHUKN4,B00CJHUKN4,,,,
B005BN1Z4Q,B005BN1Z4Q,,,,
B00VFMGN76,B00VFMGN76,,,,
B019F88UZ4,B019F88UZ4,,,,
B0016Y2KY8,B0016Y2KY8,,,,
B00DOANTJ2,B00DOANTJ2,,,,
B0063UENAO,B0063UENAO,,,,
B0013B82UK,B0013B82UK,,,,
B005HSR7K6,B005HSR7K6,,,,
B004FN0GQG,B004FN0GQG,,,,
B005FIY8NW,B005FIY8NW,,,,
B00WU79WYG,B00WU79WYG,,,,
B01M1DHX5F,B01M1DHX5F,,,,
B01LYFNRM5,B01LYFNRM5,,,,
B01ISXZF6E,B01ISXZF6E,,,,
B01ISXZF64,B01ISXZF64,,,,
B00KO4P61U,B00KO4P61U,,,,
B004DENHP4,B004DENHP4,,,,
B01N1KGQQS,B01N1KGQQS,,,,
B01M03MOTH,B01M03MOTH,,,,
B01LWILAGG,B01LWILAGG,,,,
B0158TUK3Y,B0158TUK3Y,,,,
B000JKLHAS,B000JKLHAS,,,,
B003FO2RMC,B003FO2RMC,,,,
B00QLPCFOW,B00QLPCFOW,,,,
B00F027380,B00F027380,,,,
B004XBQL5K,B004XBQL5K,,,,
B00U6GXYWE,B00U6GXYWE,,,,
B00KG1HXJE,B00KG1HXJE,,,,
B00DF33HSG,B00DF33HSG,,,,
B01KQEHAO8,B01KQEHAO8,,,,
B01F3TU9T4,B01F3TU9T4,,,,
B01EFZN1EM,B01EFZN1EM,,,,
B01EFZN156,B01EFZN156,,,,
B01CD48XWM,B01CD48XWM,,,,
B01CD48XUE,B01CD48XUE,,,,
B01B7CA1H6,B01B7CA1H6,,,,
B015XLIWPU,B015XLIWPU,,,,
B015CSC3VS,B015CSC3VS,,,,
B01537YIY8,B01537YIY8,,,,
B00QLPCFUQ,B00QLPCFUQ,,,,
B00O9VWD2Y,B00O9VWD2Y,,,,
B00DQ6TU24,B00DQ6TU24,,,,
B001GCAL5U,B001GCAL5U,,,,
B000GLHTIY,B000GLHTIY,,,,
B01GLW99PM,B01GLW99PM,,,,
B00UPCKMNI,B00UPCKMNI,,,,
B01MU9ASYI,B01MU9ASYI,,,,
B018O2APCI,B018O2APCI,,,,
B00NXFRKFC,B00NXFRKFC,,,,
B010X2ZBQ2,B010X2ZBQ2,,,,
B00J9Q9H2S,B00J9Q9H2S,,,,
B00IVGRQS4,B00IVGRQS4,,,,
B0085WXNTU,B0085WXNTU,,,,
B009PJHAS2,B009PJHAS2,,,,
B01N21QLGB,B01N21QLGB,,,,
B00OQUPJ7E,B00OQUPJ7E,,,,
B01N6PIFSN,B01N6PIFSN,,,,
B00NC5TEVG,B00NC5TEVG,,,,
B0084IL4R8,B0084IL4R8,,,,
B018AJIHCK,B018AJIHCK,,,,
B00IK64XD6,B00IK64XD6,,,,
B00LO4F68W,B00LO4F68W,,,,
B00IZCKU2S,B00IZCKU2S,,,,
B01GRF5632,B01GRF5632,,,,
B007C42M08,B007C42M08,,,,
B06XKFZVW6,B06XKFZVW6,,,,
B06XJQQW31,B06XJQQW31,,,,
B06XJQ8C4W,B06XJQ8C4W,,,,
B06XJP98YS,B06XJP98YS,,,,
B06XJNHHV4,B06XJNHHV4,,,,
B06XJN3FWB,B06XJN3FWB,,,,
B06XJMX4TZ,B06XJMX4TZ,,,,
B06XJJ3MKP,B06XJJ3MKP,,,,
B06XJG37XY,B06XJG37XY,,,,
B06XJFPZXL,B06XJFPZXL,,,,
B06XJDH4YT,B06XJDH4YT,,,,
B06XHXKPF5,B06XHXKPF5,,,,
B06XHBDRP6,B06XHBDRP6,,,,
B06XHB5FR6,B06XHB5FR6,,,,
B06XH73MKR,B06XH73MKR,,,,
B06XH525P7,B06XH525P7,,,,
B06XH48WNJ,B06XH48WNJ,,,,
B06XGW88GW,B06XGW88GW,,,,
B06XD1GYJB,B06XD1GYJB,,,,
B06XCZ7BF7,B06XCZ7BF7,,,,
B06XBHYSVP,B06XBHYSVP,,,,
B06X9MFZND,B06X9MFZND,,,,
B06X9CW2QC,B06X9CW2QC,,,,
B06X43RYQR,B06X43RYQR,,,,
B06X3W7P8F,B06X3W7P8F,,,,
B06X1J2XZB,B06X1J2XZB,,,,
B06X1F6HYR,B06X1F6HYR,,,,
B06WW5CBQ2,B06WW5CBQ2,,,,
B06WVP1HQB,B06WVP1HQB,,,,
B06WGR6BVN,B06WGR6BVN,,,,
B06WGM8LRZ,B06WGM8LRZ,,,,
B06WD69LVC,B06WD69LVC,,,,
B06W5KC88V,B06W5KC88V,,,,
B06W2LXSBP,B06W2LXSBP,,,,
B06VYFSX94,B06VYFSX94,,,,
B06VXM9DY3,B06VXM9DY3,,,,
B01NGU128F,B01NGU128F,,,,
B01NGTFTN1,B01NGTFTN1,,,,
B01NCUCUGB,B01NCUCUGB,,,,
B01NCRDHQS,B01NCRDHQS,,,,
B01NCQWE71,B01NCQWE71,,,,
B01NBYN5P2,B01NBYN5P2,,,,
B01NBU4P2X,B01NBU4P2X,,,,
B01NBRLEKA,B01NBRLEKA,,,,
B01NBRF2Y0,B01NBRF2Y0,,,,
B01NBKPGF8,B01NBKPGF8,,,,
B01NB1FSV2,B01NB1FSV2,,,,
B01NASSFYL,B01NASSFYL,,,,
B01NAS0ANL,B01NAS0ANL,,,,
B01NAKRM24,B01NAKRM24,,,,
B01NAIW4UB,B01NAIW4UB,,,,
B01N9YC8CJ,B01N9YC8CJ,,,,
B01N9VRATD,B01N9VRATD,,,,
B01N9SERXS,B01N9SERXS,,,,
B01N7RMQJB,B01N7RMQJB,,,,
B01N7RMJEJ,B01N7RMJEJ,,,,
B01N7OSHZO,B01N7OSHZO,,,,
B01N7NQ9Y2,B01N7NQ9Y2,,,,
B01N7JYO9X,B01N7JYO9X,,,,
B01N6WBRNY,B01N6WBRNY,,,,
B01N6QVOLW,B01N6QVOLW,,,,
B01N6PM1WU,B01N6PM1WU,,,,
B01N6I25Y7,B01N6I25Y7,,,,
B01N5YBWR9,B01N5YBWR9,,,,
B01N5TSITO,B01N5TSITO,,,,
B01N5QAD0T,B01N5QAD0T,,,,
B01N5LZLB1,B01N5LZLB1,,,,
B01N5J4L24,B01N5J4L24,,,,
B01N5EOIQ2,B01N5EOIQ2,,,,
B01N4WQL6L,B01N4WQL6L,,,,
B01N4WGN48,B01N4WGN48,,,,
B01N4VQHTV,B01N4VQHTV,,,,
B01N339QQY,B01N339QQY,,,,
B01N21TL0E,B01N21TL0E,,,,
B01N21FV6R,B01N21FV6R,,,,
B01N21CWAV,B01N21CWAV,,,,
B01N1WQ6VK,B01N1WQ6VK,,,,
B01N1UN3W7,B01N1UN3W7,,,,
B01N1GPAOI,B01N1GPAOI,,,,
B01N16M7AY,B01N16M7AY,,,,
B01N130RGK,B01N130RGK,,,,
B01N0ZLKS9,B01N0ZLKS9,,,,
B01N0XF1JX,B01N0XF1JX,,,,
B01N0MB3AH,B01N0MB3AH,,,,
B01MZWJNC7,B01MZWJNC7,,,,
B01MZ987WN,B01MZ987WN,,,,
B01MZ94GIR,B01MZ94GIR,,,,
B01MZ8DKY5,B01MZ8DKY5,,,,
B01MZ45X32,B01MZ45X32,,,,
B01MZ05P97,B01MZ05P97,,,,
B01MYBV80J,B01MYBV80J,,,,
B01MUSD2ST,B01MUSD2ST,,,,
B01MUR3YZI,B01MUR3YZI,,,,
B01MUEYY4T,B01MUEYY4T,,,,
B01MTZG8V5,B01MTZG8V5,,,,
B01MTDJ8LE,B01MTDJ8LE,,,,
B01MTC2R5A,B01MTC2R5A,,,,
B01MSDRPIL,B01MSDRPIL,,,,
B01MRXW3DX,B01MRXW3DX,,,,
B01MRD3TWW,B01MRD3TWW,,,,
B01MRCE1SS,B01MRCE1SS,,,,
B01MR9973V,B01MR9973V,,,,
B01MR5GPE8,B01MR5GPE8,,,,
B01MR5EPZF,B01MR5EPZF,,,,
B01MR0E9KK,B01MR0E9KK,,,,
B01MQRJ25A,B01MQRJ25A,,,,
B01MQH2XDX,B01MQH2XDX,,,,
B01MQDX622,B01MQDX622,,,,
B01MA6G0CN,B01MA6G0CN,,,,
B01MA0O2ZE,B01MA0O2ZE,,,,
B01M9C9Y6A,B01M9C9Y6A,,,,
B01M8L19F6,B01M8L19F6,,,,
B01M6C9CJY,B01M6C9CJY,,,,
B01M5F90NS,B01M5F90NS,,,,
B01M32QJ3T,B01M32QJ3T,,,,
B01M2ZUEQS,B01M2ZUEQS,,,,
B01M24P62C,B01M24P62C,,,,
B01M0E9J6C,B01M0E9J6C,,,,
B01M0E6U7M,B01M0E6U7M,,,,
B01LZQGHSD,B01LZQGHSD,,,,
B01LNMHDFI,B01LNMHDFI,,,,
B01LCRKLDK,B01LCRKLDK,,,,
B01LBG1JE2,B01LBG1JE2,,,,
B01JXN26XI,B01JXN26XI,,,,
B01JLDFLXC,B01JLDFLXC,,,,
B01J7OEOK6,B01J7OEOK6,,,,
B01ID2HYN2,B01ID2HYN2,,,,
B01I2ZVFKS,B01I2ZVFKS,,,,
B01HIICXK6,B01HIICXK6,,,,
B01H3QOW8O,B01H3QOW8O,,,,
B01GQ3YYVK,B01GQ3YYVK,,,,
B01GPXP1FO,B01GPXP1FO,,,,
B01GLW75LW,B01GLW75LW,,,,
B01GLW6GDU,B01GLW6GDU,,,,
B01FK973GY,B01FK973GY,,,,
B01F7K0BHO,B01F7K0BHO,,,,
B01DY52ELK,B01DY52ELK,,,,
B01DD8LOM8,B01DD8LOM8,,,,
B01BDVMBTM,B01BDVMBTM,,,,
B01A3IWWUE,B01A3IWWUE,,,,
B018ESHX4A,B018ESHX4A,,,,
B016ZHG884,B016ZHG884,,,,
B0164UTJMO,B0164UTJMO,,,,
B015ZLD5PU,B015ZLD5PU,,,,
B00UVKH0RA,B00UVKH0RA,,,,
B00TYOCBHS,B00TYOCBHS,,,,
B00R7F79I2,B00R7F79I2,,,,
B00QYRIOJC,B00QYRIOJC,,,,
B00PWJNQZ0,B00PWJNQZ0,,,,
B00OTAQZBK,B00OTAQZBK,,,,
B00N83LLLI,B00N83LLLI,,,,
B00JEXWP3Y,B00JEXWP3Y,,,,
B00HI99FQG,B00HI99FQG,,,,
B00GIF65IC,B00GIF65IC,,,,
B00GHWKAJG,B00GHWKAJG,,,,
B00FKQEJA6,B00FKQEJA6,,,,
B00F3J27CC,B00F3J27CC,,,,
B009F5U060,B009F5U060,,,,
B006JYQS52,B006JYQS52,,,,
B006INEPYA,B006INEPYA,,,,
B005LBTPFY,B005LBTPFY,,,,
B005G2L7OA,B005G2L7OA,,,,
B01N0E61M7,B01N0E61M7,,,,
B01N06IDS3,B01N06IDS3,,,,
B01N06EK0U,B01N06EK0U,,,,
B01MZXYQAY,B01MZXYQAY,,,,
B01MYNLEMK,B01MYNLEMK,,,,
B01MYNKCWQ,B01MYNKCWQ,,,,
B01MTSW946,B01MTSW946,,,,
B01MSQCWOT,B01MSQCWOT,,,,
B01MSLRLYA,B01MSLRLYA,,,,
B01MRKF30P,B01MRKF30P,,,,
B01MRHAPCO,B01MRHAPCO,,,,
B01MQ68HB5,B01MQ68HB5,,,,
B01MG849AB,B01MG849AB,,,,
B01MG7XX6V,B01MG7XX6V,,,,
B01MG7T7D8,B01MG7T7D8,,,,
B01MFFBDHS,B01MFFBDHS,,,,
B01MDNLKYY,B01MDNLKYY,,,,
B01MD18NHT,B01MD18NHT,,,,
B01M3TWHBR,B01M3TWHBR,,,,
B01M32RBGN,B01M32RBGN,,,,
B01M2C8TUM,B01M2C8TUM,,,,
B01M09Z6JI,B01M09Z6JI,,,,
B01M01MQ4G,B01M01MQ4G,,,,
B01LX0YLRO,B01LX0YLRO,,,,
B01LWJ8YUJ,B01LWJ8YUJ,,,,
B01LH6UUXC,B01LH6UUXC,,,,
B01LH6UT42,B01LH6UT42,,,,
B01LH6RY7W,B01LH6RY7W,,,,
B01LH6RY5Y,B01LH6RY5Y,,,,
B01LH6RLZ2,B01LH6RLZ2,,,,
B01LH6QVIU,B01LH6QVIU,,,,
B01LH6QTMS,B01LH6QTMS,,,,
B01LH6QL26,B01LH6QL26,,,,
B01LDCRZQ0,B01LDCRZQ0,,,,
B01LDCRN4O,B01LDCRN4O,,,,
B01KVORUJ8,B01KVORUJ8,,,,
B01GQKC46U,B01GQKC46U,,,,
B01GQK9G4I,B01GQK9G4I,,,,
B01G3VQ0LW,B01G3VQ0LW,,,,
B01FHSF3O2,B01FHSF3O2,,,,
B01FHSF04U,B01FHSF04U,,,,
B01FEUT68C,B01FEUT68C,,,,
B01EYQ6W7K,B01EYQ6W7K,,,,
B01EG6PGTS,B01EG6PGTS,,,,
B01EC6G1QO,B01EC6G1QO,,,,
B01EALO8NY,B01EALO8NY,,,,
B01DW1MKGU,B01DW1MKGU,,,,
B01CNC2FD2,B01CNC2FD2,,,,
B01C1ZV5KK,B01C1ZV5KK,,,,
B01BZUROQQ,B01BZUROQQ,,,,
B01BTTKHJE,B01BTTKHJE,,,,
B01B5NZCTY,B01B5NZCTY,,,,
B01878M1U8,B01878M1U8,,,,
B0151R0GBE,B0151R0GBE,,,,
B00VZWF3UE,B00VZWF3UE,,,,
B00RDEZ1ZK,B00RDEZ1ZK,,,,
B00QR0ZQRY,B00QR0ZQRY,,,,
B00NHONL7U,B00NHONL7U,,,,
B00MYZ30X8,B00MYZ30X8,,,,
B00I9VCREE,B00I9VCREE,,,,
B00HVKLTAC,B00HVKLTAC,,,,
B00EXMV9C4,B00EXMV9C4,,,,
B00E5C03TW,B00E5C03TW,,,,
B00CKXQJO6,B00CKXQJO6,,,,
B00564PEWO,B00564PEWO,,,,
B003YC6AZ0,B003YC6AZ0,,,,
B000W6WAL4,B000W6WAL4,,,,
284164399,284164399,,,,
284164372,284164372,,,,
B01MDKHBVZ,B01MDKHBVZ,,,,
B01MCZ6JBA,B01MCZ6JBA,,,,
B01MAXST7K,B01MAXST7K,,,,
B01LYMUV93,B01LYMUV93,,,,
B01LRNPLI4,B01LRNPLI4,,,,
B01LQ8L666,B01LQ8L666,,,,
B01HM8FGWE,B01HM8FGWE,,,,
B01GXHS4J2,B01GXHS4J2,,,,
B01GFP8MY4,B01GFP8MY4,,,,
B01F56AVHU,B01F56AVHU,,,,
B01F558J5M,B01F558J5M,,,,
B01DGQ7Y0I,B01DGQ7Y0I,,,,
B01D1E9DKE,B01D1E9DKE,,,,
B01BI1EM1M,B01BI1EM1M,,,,
B018BW5H38,B018BW5H38,,,,
B00VLSLIZQ,B00VLSLIZQ,,,,
B00UJCNXSK,B00UJCNXSK,,,,
B00TQQFG0I,B00TQQFG0I,,,,
B00RJMKH9Q,B00RJMKH9Q,,,,
B00NPY1C64,B00NPY1C64,,,,
B00NFCGR98,B00NFCGR98,,,,
284446394,284446394,,,,
284446386,284446386,,,,
284446378,284446378,,,,
284446130,284446130,,,,
284446122,284446122,,,,
284446114,284446114,,,,
284445975,284445975,,,,
284445967,284445967,,,,
284445827,284445827,,,,
284445819,284445819,,,,
284445800,284445800,,,,
284445762,284445762,,,,
284445754,284445754,,,,
284445746,284445746,,,,
284445495,284445495,,,,
284445479,284445479,,,,
284445460,284445460,,,,
284443476,284443476,,,,
284165379,284165379,,,,
284164771,284164771,,,,
284164380,284164380,,,,
284164313,284164313,,,,
284164305,284164305,,,,
284164119,284164119,,,,
284163252,284163252,,,,
284163244,284163244,,,,
284163163,284163163,,,,
284162051,284162051,,,,
284162043,284162043,,,,
B01MCT6Z8Y,B01MCT6Z8Y,,,,
B01MCS600B,B01MCS600B,,,,
B01M9BJZRR,B01M9BJZRR,,,,
B01M6X4TSY,B01M6X4TSY,,,,
B01M6W2GX4,B01M6W2GX4,,,,
B01M4GCYNU,B01M4GCYNU,,,,
B01M2WD5KJ,B01M2WD5KJ,,,,
B01H0NSLPU,B01H0NSLPU,,,,
B01GQN8HWC,B01GQN8HWC,,,,
B010NM3XG2,B010NM3XG2,,,,
B00W9QDRTO,B00W9QDRTO,,,,
B00R1M6JQE,B00R1M6JQE,,,,
B00G93UJ6C,B00G93UJ6C,,,,
B00C4S3VNE,B00C4S3VNE,,,,
B00BM9BVZG,B00BM9BVZG,,,,
B009VEDHSI,B009VEDHSI,,,,
B0052WHSGU,B0052WHSGU,,,,
B00005Y4BJ,B00005Y4BJ,,,,
B01M0JSVGR,B01M0JSVGR,,,,
B01LZ7ST1G,B01LZ7ST1G,,,,
B01LY6EWPD,B01LY6EWPD,,,,
B01LDIIT8W,B01LDIIT8W,,,,
B01JVOPGNG,B01JVOPGNG,,,,
B01FXGSI86,B01FXGSI86,,,,
B00GTX3MZM,B00GTX3MZM,,,,
B00EQ0BHK2,B00EQ0BHK2,,,,
B00EJE1V56,B00EJE1V56,,,,
B00CSPT1IC,B00CSPT1IC,,,,
B0085T6OX0,B0085T6OX0,,,,
B0046B8WLS,B0046B8WLS,,,,
B01M1DO5ZW,B01M1DO5ZW,,,,
B01M081YEM,B01M081YEM,,,,
B01LZMNEVD,B01LZMNEVD,,,,
B01LZBXF76,B01LZBXF76,,,,
B01LZ8AXY5,B01LZ8AXY5,,,,
B01LYNN48N,B01LYNN48N,,,,
B01LDCSM0I,B01LDCSM0I,,,,
B01KM5EKCQ,B01KM5EKCQ,,,,
B01JGCUU48,B01JGCUU48,,,,
B01IP9KUNY,B01IP9KUNY,,,,
B01I3ZT6BW,B01I3ZT6BW,,,,
B01E4UW45K,B01E4UW45K,,,,
B0119SY4DU,B0119SY4DU,,,,
B01015JA9U,B01015JA9U,,,,
B00ZD1JLP6,B00ZD1JLP6,,,,
B00OKUEPF2,B00OKUEPF2,,,,
B00NSGABBG,B00NSGABBG,,,,
B00NBZ7FR2,B00NBZ7FR2,,,,
B00MAMMBQW,B00MAMMBQW,,,,
B00LW3RN6I,B00LW3RN6I,,,,
B00HZOJNZ2,B00HZOJNZ2,,,,
B00GWMEGOG,B00GWMEGOG,,,,
B00ECVF8WI,B00ECVF8WI,,,,
B00CJ8NY18,B00CJ8NY18,,,,
B00B883YQU,B00B883YQU,,,,
B00AKI7UOG,B00AKI7UOG,,,,
B00AHZLGG0,B00AHZLGG0,,,,
B008HQSIK8,B008HQSIK8,,,,
B006H97Y16,B006H97Y16,,,,
B005K7ZML0,B005K7ZML0,,,,
B01KV594RS,B01KV594RS,,,,
B01JVOPCJO,B01JVOPCJO,,,,
B01HQ2FVQC,B01HQ2FVQC,,,,
B01G3T7K40,B01G3T7K40,,,,
B01DJ54256,B01DJ54256,,,,
B01BIDVL28,B01BIDVL28,,,,
B00X6AJWMI,B00X6AJWMI,,,,
B00U8KSNB0,B00U8KSNB0,,,,
B00QIVIFXE,B00QIVIFXE,,,,
B00OBJ9J3A,B00OBJ9J3A,,,,
B00KCEOC76,B00KCEOC76,,,,
B00JWX7ZBI,B00JWX7ZBI,,,,
B00IRZ8RKK,B00IRZ8RKK,,,,
B00HAMT8C2,B00HAMT8C2,,,,
B00GMGZN58,B00GMGZN58,,,,
B00F029ODW,B00F029ODW,,,,
B00D7ZMT4A,B00D7ZMT4A,,,,
B00BSL8V42,B00BSL8V42,,,,
B003LUEZFM,B003LUEZFM,,,,
B002NR7KQ0,B002NR7KQ0,,,,
B000OIBB2E,B000OIBB2E,,,,
B000KZ7YMW,B000KZ7YMW,,,,
B000FG9Z6Y,B000FG9Z6Y,,,,
B00068XALC,B00068XALC,,,,
B01M06P8EV,B01M06P8EV,,,,
B01ECFI15O,B01ECFI15O,,,,
B01BI1EJWY,B01BI1EJWY,,,,
B01BF704JS,B01BF704JS,,,,
B018ER1888,B018ER1888,,,,
B0186EU4UM,B0186EU4UM,,,,
B017T6WH9Y,B017T6WH9Y,,,,
B016N0T23Q,B016N0T23Q,,,,
B015ZMW6T0,B015ZMW6T0,,,,
B015SJK6P6,B015SJK6P6,,,,
B0158KTSEA,B0158KTSEA,,,,
B010125RK4,B010125RK4,,,,
B00NLPYMXM,B00NLPYMXM,,,,
B00NBZ7LDA,B00NBZ7LDA,,,,
B00N1R3WFO,B00N1R3WFO,,,,
B00LW9L3W2,B00LW9L3W2,,,,
B00KM10ITU,B00KM10ITU,,,,
B00KLECC88,B00KLECC88,,,,
B00JR97XO6,B00JR97XO6,,,,
B00J3RD8U0,B00J3RD8U0,,,,
B00I2O1S5M,B00I2O1S5M,,,,
B00H53G0H2,B00H53G0H2,,,,
B00H11R8DS,B00H11R8DS,,,,
B00FSBOG0Q,B00FSBOG0Q,,,,
B00DHLP5P4,B00DHLP5P4,,,,
B00CXSST1O,B00CXSST1O,,,,
B00BEEGZBE,B00BEEGZBE,,,,
B00B9DZQNI,B00B9DZQNI,,,,
B00AFZH8F0,B00AFZH8F0,,,,
B009C5VLZM,B009C5VLZM,,,,
B004UR0ZKO,B004UR0ZKO,,,,
B004T4LTNK,B004T4LTNK,,,,
B004FEKBG0,B004FEKBG0,,,,
B003VYL4QQ,B003VYL4QQ,,,,
B002Y0B17K,B002Y0B17K,,,,
B001E0LPC2,B001E0LPC2,,,,
B000Y3IH5S,B000Y3IH5S,,,,
B000N965NE,B000N965NE,,,,
B000GSMQH6,B000GSMQH6,,,,
B000BYY1RS,B000BYY1RS,,,,
B01LW5J9F8,B01LW5J9F8,,,,
B01LDIIOSC,B01LDIIOSC,,,,
B01KMNJSRU,B01KMNJSRU,,,,
B01KC4U0YY,B01KC4U0YY,,,,
B01K7VWVE4,B01K7VWVE4,,,,
B01JSXFBIU,B01JSXFBIU,,,,
B01JLNQ0EG,B01JLNQ0EG,,,,
B01JDYOM6Q,B01JDYOM6Q,,,,
B01I4GINNM,B01I4GINNM,,,,
B01I4GILRA,B01I4GILRA,,,,
B01I4GIKWG,B01I4GIKWG,,,,
B01I4GIJC2,B01I4GIJC2,,,,
B01I2ZVLYI,B01I2ZVLYI,,,,
B01I2ZVCJC,B01I2ZVCJC,,,,
B01I2342I2,B01I2342I2,,,,
B01HYP3OZ6,B01HYP3OZ6,,,,
B01HYH71FI,B01HYH71FI,,,,
B01HTKGIMW,B01HTKGIMW,,,,
B01HTKC4G6,B01HTKC4G6,,,,
B01HTKA4UE,B01HTKA4UE,,,,
B01HQLFMXK,B01HQLFMXK,,,,
B01HJG73MU,B01HJG73MU,,,,
B01HFB4UZ2,B01HFB4UZ2,,,,
B01H5OXY8S,B01H5OXY8S,,,,
B01H57ZED8,B01H57ZED8,,,,
B01H37UE76,B01H37UE76,,,,
B01GLWFG0Y,B01GLWFG0Y,,,,
B01GILEHV2,B01GILEHV2,,,,
B01GILBQ5W,B01GILBQ5W,,,,
B01GI01YBO,B01GI01YBO,,,,
B01GHJKXYU,B01GHJKXYU,,,,
B01GHJKW8W,B01GHJKW8W,,,,
B01GE9HZ1C,B01GE9HZ1C,,,,
B01GA4NII0,B01GA4NII0,,,,
B01GA4LONG,B01GA4LONG,,,,
B01G6AB83U,B01G6AB83U,,,,
B01FSIS9Y2,B01FSIS9Y2,,,,
B01FMACAB4,B01FMACAB4,,,,
B01FKAI1TQ,B01FKAI1TQ,,,,
B01FANISFA,B01FANISFA,,,,
B01F8UDVSY,B01F8UDVSY,,,,
B01F2F5T3A,B01F2F5T3A,,,,
B01EZTDBU2,B01EZTDBU2,,,,
B01EU7GH6E,B01EU7GH6E,,,,
B01DUIQI3G,B01DUIQI3G,,,,
B01DT4MTCA,B01DT4MTCA,,,,
B01DT1R824,B01DT1R824,,,,
B01DO2MLL6,B01DO2MLL6,,,,
B01DO25BG8,B01DO25BG8,,,,
B01DNUDMYO,B01DNUDMYO,,,,
B01D9GSZMQ,B01D9GSZMQ,,,,
B01D1YXBGG,B01D1YXBGG,,,,
B01CVMURA2,B01CVMURA2,,,,
B01CSAMXOA,B01CSAMXOA,,,,
B01CS8I4F4,B01CS8I4F4,,,,
B01C7AQFM2,B01C7AQFM2,,,,
B01C7A8C5K,B01C7A8C5K,,,,
B01C4O8M90,B01C4O8M90,,,,
B01C1ZV9ZG,B01C1ZV9ZG,,,,
B01BY6B6BA,B01BY6B6BA,,,,
B01BRUWS1U,B01BRUWS1U,,,,
B01BRUK5A6,B01BRUK5A6,,,,
B01BGMMSO6,B01BGMMSO6,,,,
B01BD2HDGW,B01BD2HDGW,,,,
B01B83T058,B01B83T058,,,,
B01B2WCI68,B01B2WCI68,,,,
B01B2G6RV6,B01B2G6RV6,,,,
B01B1YOMRK,B01B1YOMRK,,,,
B01B1YOKIQ,B01B1YOKIQ,,,,
B01B1YOIE2,B01B1YOIE2,,,,
B01B1YOG26,B01B1YOG26,,,,
B01B1YOEMS,B01B1YOEMS,,,,
B01B01MWJE,B01B01MWJE,,,,
B01AZSA056,B01AZSA056,,,,
B01AZS9ZCU,B01AZS9ZCU,,,,
B01AZEPWXA,B01AZEPWXA,,,,
B01ASB48QC,B01ASB48QC,,,,
B01AS11BUI,B01AS11BUI,,,,
B01ARH3QRE,B01ARH3QRE,,,,
B01ARH3FHK,B01ARH3FHK,,,,
B01AEKOJ3E,B01AEKOJ3E,,,,
B01AD69KPG,B01AD69KPG,,,,
B01A6ZIK0A,B01A6ZIK0A,,,,
B019XSPXVA,B019XSPXVA,,,,
B019XRYANS,B019XRYANS,,,,
B019IRD3M2,B019IRD3M2,,,,
B0198JBGWO,B0198JBGWO,,,,
B0196U6BES,B0196U6BES,,,,
B0196LSAI2,B0196LSAI2,,,,
B0188HX91I,B0188HX91I,,,,
B01878DW0G,B01878DW0G,,,,
B0184B3ZZS,B0184B3ZZS,,,,
B0183PU3A0,B0183PU3A0,,,,
B017XMWWB2,B017XMWWB2,,,,
B017RTO2RS,B017RTO2RS,,,,
B017M5ATF6,B017M5ATF6,,,,
B017C04MDG,B017C04MDG,,,,
B0170S3HT0,B0170S3HT0,,,,
B015SJKU66,B015SJKU66,,,,
B015PN6P3C,B015PN6P3C,,,,
B015GKS70I,B015GKS70I,,,,
B015GGRVDQ,B015GGRVDQ,,,,
B015FY1OX2,B015FY1OX2,,,,
B015FY15QS,B015FY15QS,,,,
B015DTAGB0,B015DTAGB0,,,,
B015DTAGAQ,B015DTAGAQ,,,,
B015DRJJVK,B015DRJJVK,,,,
B0158GW030,B0158GW030,,,,
B0158G9LN2,B0158G9LN2,,,,
B0158G830O,B0158G830O,,,,
B0154YH8JM,B0154YH8JM,,,,
B0153IXBFY,B0153IXBFY,,,,
B0153ISE6K,B0153ISE6K,,,,
B014U372QC,B014U372QC,,,,
B014PE3M0Q,B014PE3M0Q,,,,
B013P2KALI,B013P2KALI,,,,
B013K0KS2Q,B013K0KS2Q,,,,
B013J6I4BS,B013J6I4BS,,,,
B012WDFHJG,B012WDFHJG,,,,
B012NWI086,B012NWI086,,,,
B012IUC0NE,B012IUC0NE,,,,
B012IQOZ6S,B012IQOZ6S,,,,
B01200UCKU,B01200UCKU,,,,
B011KRAMWM,B011KRAMWM,,,,
B011IP4ZJ2,B011IP4ZJ2,,,,
B011E3OPFC,B011E3OPFC,,,,
B011AE20SO,B011AE20SO,,,,
B0117MNVIM,B0117MNVIM,,,,
B0116SC8L8,B0116SC8L8,,,,
B010W018AS,B010W018AS,,,,
B010TR2HGI,B010TR2HGI,,,,
B010LYKSVU,B010LYKSVU,,,,
B010EM8YF6,B010EM8YF6,,,,
B00YUKD3IC,B00YUKD3IC,,,,
B00YTX1C3S,B00YTX1C3S,,,,
B00YJ5QIP8,B00YJ5QIP8,,,,
B00Y2DA8N0,B00Y2DA8N0,,,,
B00Y1BI0OC,B00Y1BI0OC,,,,
B00XXPY6MC,B00XXPY6MC,,,,
B00XVMARH0,B00XVMARH0,,,,
B00XVMAQZ8,B00XVMAQZ8,,,,
B00XVMAQIA,B00XVMAQIA,,,,
B00XVMAQF8,B00XVMAQF8,,,,
B00XVKW2S4,B00XVKW2S4,,,,
B00XVKW1B2,B00XVKW1B2,,,,
B00XNAEWYY,B00XNAEWYY,,,,
B00XJQ48T6,B00XJQ48T6,,,,
B00XBO34XW,B00XBO34XW,,,,
B00XBO2EU6,B00XBO2EU6,,,,
B00X6AHNI8,B00X6AHNI8,,,,
B00X5HT3VW,B00X5HT3VW,,,,
B00WRJ4UNK,B00WRJ4UNK,,,,
B00WI01V08,B00WI01V08,,,,
B00WHEQ43O,B00WHEQ43O,,,,
B00W7VEUJC,B00W7VEUJC,,,,
B00W3QO35M,B00W3QO35M,,,,
B00V71QV36,B00V71QV36,,,,
B00V4P9E1Q,B00V4P9E1Q,,,,
B00V3RU74I,B00V3RU74I,,,,
B00UVKHSR2,B00UVKHSR2,,,,
B00UPCLELW,B00UPCLELW,,,,
B00UP04GBO,B00UP04GBO,,,,
B00ULDXY6S,B00ULDXY6S,,,,
B00UJLAM80,B00UJLAM80,,,,
B00UJJAFFC,B00UJJAFFC,,,,
B00UFWB0FW,B00UFWB0FW,,,,
B00UFQK82Y,B00UFQK82Y,,,,
B00U8KSUIG,B00U8KSUIG,,,,
B00U7QZAZM,B00U7QZAZM,,,,
B00TU1HQY8,B00TU1HQY8,,,,
B00TPS0EMC,B00TPS0EMC,,,,
B00TPNBH1E,B00TPNBH1E,,,,
B00TFK5HFE,B00TFK5HFE,,,,
B00T8V0FUC,B00T8V0FUC,,,,
B00SRFNE8A,B00SRFNE8A,,,,
B00SLLHRK6,B00SLLHRK6,,,,
B00SBSDI5W,B00SBSDI5W,,,,
B00SAHNJHQ,B00SAHNJHQ,,,,
B00S9KECXE,B00S9KECXE,,,,
B00RXX1L8C,B00RXX1L8C,,,,
B00RVATF44,B00RVATF44,,,,
B00RJ2V3SK,B00RJ2V3SK,,,,
B00RD3X8HO,B00RD3X8HO,,,,
B00RD3WB0E,B00RD3WB0E,,,,
B00QTKFZUA,B00QTKFZUA,,,,
B00QKYTZVU,B00QKYTZVU,,,,
B00QIZCP4K,B00QIZCP4K,,,,
B00P2G2GKO,B00P2G2GKO,,,,
B00P298GZU,B00P298GZU,,,,
B00P298GYG,B00P298GYG,,,,
B00P2978WC,B00P2978WC,,,,
B00OZ4T7C4,B00OZ4T7C4,,,,
B00OQ3OZVC,B00OQ3OZVC,,,,
B00OD1MBMC,B00OD1MBMC,,,,
B00OBSSXCE,B00OBSSXCE,,,,
B00O9PKF7U,B00O9PKF7U,,,,
B00O3HP7TA,B00O3HP7TA,,,,
B00NZRCMVU,B00NZRCMVU,,,,
B00NYFE6YE,B00NYFE6YE,,,,
B00NYABR6O,B00NYABR6O,,,,
B00NW66ORC,B00NW66ORC,,,,
B00NVJPQUG,B00NVJPQUG,,,,
B00NSGA8IM,B00NSGA8IM,,,,
B00NOZLZWA,B00NOZLZWA,,,,
B00NOZLUAC,B00NOZLUAC,,,,
B00NFSP9XW,B00NFSP9XW,,,,
B00NFI7ZYS,B00NFI7ZYS,,,,
B00N8MO3ZA,B00N8MO3ZA,,,,
B00MWNWC2W,B00MWNWC2W,,,,
B00MV55R3C,B00MV55R3C,,,,
B00MP46NUK,B00MP46NUK,,,,
B00MJ9ELX2,B00MJ9ELX2,,,,
B00MGP1YE8,B00MGP1YE8,,,,
B00MAM0G8W,B00MAM0G8W,,,,
B00M56L4JI,B00M56L4JI,,,,
B00LYR94SW,B00LYR94SW,,,,
B00L5INZHG,B00L5INZHG,,,,
B00KYIMJMA,B00KYIMJMA,,,,
B00KTB0SXY,B00KTB0SXY,,,,
B00KRC6W62,B00KRC6W62,,,,
B00KNERWVS,B00KNERWVS,,,,
B00KN01PBK,B00KN01PBK,,,,
B00KM10PMA,B00KM10PMA,,,,
B00K9Q79FE,B00K9Q79FE,,,,
B00JWIYDM2,B00JWIYDM2,,,,
B00JQX3OK0,B00JQX3OK0,,,,
B00JOCGNBA,B00JOCGNBA,,,,
B00JKRBCZ6,B00JKRBCZ6,,,,
B00JGL42AI,B00JGL42AI,,,,
B00JGL429O,B00JGL429O,,,,
B00J8NEIF8,B00J8NEIF8,,,,
B00J8NEFTM,B00J8NEFTM,,,,
B00J3RDIMI,B00J3RDIMI,,,,
B00J01TB8W,B00J01TB8W,,,,
B00IPB5N76,B00IPB5N76,,,,
B00IKN5GZI,B00IKN5GZI,,,,
B00IIHDCAW,B00IIHDCAW,,,,
B00IFXFRCA,B00IFXFRCA,,,,
B00IF11ETC,B00IF11ETC,,,,
B00I2V5B4E,B00I2V5B4E,,,,
B00I2KOC0E,B00I2KOC0E,,,,
B00GY04D3U,B00GY04D3U,,,,
B00GXDXTE2,B00GXDXTE2,,,,
B00GWK8P6I,B00GWK8P6I,,,,
B00GVW5290,B00GVW5290,,,,
B00GNMEZ0K,B00GNMEZ0K,,,,
B00GIF65G4,B00GIF65G4,,,,
B00GGDWJTU,B00GGDWJTU,,,,
B00GDD9NEW,B00GDD9NEW,,,,
B00GD97XNY,B00GD97XNY,,,,
B00G94TNMW,B00G94TNMW,,,,
B00G7GYLZQ,B00G7GYLZQ,,,,
B00G7GRZ3G,B00G7GRZ3G,,,,
B00G7GOUDY,B00G7GOUDY,,,,
B00FW5G476,B00FW5G476,,,,
B00FW3MCYM,B00FW3MCYM,,,,
B00FVPVW0Q,B00FVPVW0Q,,,,
B00FVPEF7I,B00FVPEF7I,,,,
B00FRLAZXO,B00FRLAZXO,,,,
B00F6X0SK8,B00F6X0SK8,,,,
B00F6X031C,B00F6X031C,,,,
B00F6TRKWG,B00F6TRKWG,,,,
B00F3J31C2,B00F3J31C2,,,,
B00F0KUZOQ,B00F0KUZOQ,,,,
B00EUSXCD0,B00EUSXCD0,,,,
B00EC693B0,B00EC693B0,,,,
B00E3I7UBM,B00E3I7UBM,,,,
B00E3GRZDC,B00E3GRZDC,,,,
B00E1ILQ2S,B00E1ILQ2S,,,,
B00DZG9Z3O,B00DZG9Z3O,,,,
B00DYVYC1A,B00DYVYC1A,,,,
B00DSQGXOK,B00DSQGXOK,,,,
B00DQ6TRF4,B00DQ6TRF4,,,,
B00DPT52G0,B00DPT52G0,,,,
B00DNXNQDO,B00DNXNQDO,,,,
B00DAS0DSI,B00DAS0DSI,,,,
B00DAS0C48,B00DAS0C48,,,,
B00CJALDCS,B00CJALDCS,,,,
B00CIF9MJK,B00CIF9MJK,,,,
B00CGYDEG0,B00CGYDEG0,,,,
B00C57KY5C,B00C57KY5C,,,,
B00C4TP500,B00C4TP500,,,,
B00BTG1T22,B00BTG1T22,,,,
B00BTG1T1I,B00BTG1T1I,,,,
B00BMUBJJ8,B00BMUBJJ8,,,,
B00BLSOZB0,B00BLSOZB0,,,,
B00BJJVO06,B00BJJVO06,,,,
B00BEQV6XE,B00BEQV6XE,,,,
B00BBDKZ2S,B00BBDKZ2S,,,,
B00B593J08,B00B593J08,,,,
B00B47CL5U,B00B47CL5U,,,,
B00AZ7JUM2,B00AZ7JUM2,,,,
B00AIKC7L2,B00AIKC7L2,,,,
B00A9USBNO,B00A9USBNO,,,,
B00A38K14Y,B00A38K14Y,,,,
B008R0XTB2,B008R0XTB2,,,,
B008DR3PNG,B008DR3PNG,,,,
B008DG4T1Y,B008DG4T1Y,,,,
B0085ASZ90,B0085ASZ90,,,,
B0084Y5VXU,B0084Y5VXU,,,,
B0083HGBW8,B0083HGBW8,,,,
B0082B8P1U,B0082B8P1U,,,,
B0080E5G7A,B0080E5G7A,,,,
B007TH66UA,B007TH66UA,,,,
B007PZGHX2,B007PZGHX2,,,,
B007JXMH52,B007JXMH52,,,,
B007G6MKUY,B007G6MKUY,,,,
B0075M03XU,B0075M03XU,,,,
B006SUIHY2,B006SUIHY2,,,,
B006FGWVN2,B006FGWVN2,,,,
B0069TZEN4,B0069TZEN4,,,,
B0068OK5BG,B0068OK5BG,,,,
B005T3BBOC,B005T3BBOC,,,,
B004I45ILK,B004I45ILK,,,,
B004DR8KOO,B004DR8KOO,,,,
B0045FZTVG,B0045FZTVG,,,,
B004440GIY,B004440GIY,,,,
B0042D75TU,B0042D75TU,,,,
B003KJ1BFG,B003KJ1BFG,,,,
B003IZEB2M,B003IZEB2M,,,,
B003CQVN46,B003CQVN46,,,,
B002ZB8L4O,B002ZB8L4O,,,,
B002YSYDHW,B002YSYDHW,,,,
B002VFNGB2,B002VFNGB2,,,,
B0020GTPBW,B0020GTPBW,,,,
B001WG6UM8,B001WG6UM8,,,,
B001KU7NPY,B001KU7NPY,,,,
B001GJ0E4G,B001GJ0E4G,,,,
B001DN5030,B001DN5030,,,,
B0011SFL0E,B0011SFL0E,,,,
B000Y9SH4S,B000Y9SH4S,,,,
B000KPSD5O,B000KPSD5O,,,,
B000G5SI1M,B000G5SI1M,,,,
B000FFL3PG,B000FFL3PG,,,,
B000EN3PVY,B000EN3PVY,,,,
B000COKT0K,B000COKT0K,,,,
B000BW6GRI,B000BW6GRI,,,,
B000A6AQFI,B000A6AQFI,,,,
B000620IWC,B000620IWC,,,,
B0002JZMGQ,B0002JZMGQ,,,,
B0002088KW,B0002088KW,,,,
B0001YM0CQ,B0001YM0CQ,,,,
B000185HA4,B000185HA4,,,,
B00013PRP4,B00013PRP4,,,,
B000122X9I,B000122X9I,,,,
B000122D4I,B000122D4I,,,,
B0000665KT,B0000665KT,,,,
B01NCLO3W8,B01NCLO3W8,,,,
B01MY4GLS7,B01MY4GLS7,,,,
B01KOXJNXW,B01KOXJNXW,,,,
B06W2MVB5D,B06W2MVB5D,,,,
B06VWWCFSR,B06VWWCFSR,,,,
B00ZV8RWDY,B00ZV8RWDY,,,,
B00W1KH9TM,B00W1KH9TM,,,,
B00BJJVQ86,B00BJJVQ86,,,,
B00B71P0SS,B00B71P0SS,,,,
B0064JAHUO,B0064JAHUO,,,,
B002NKK6EK,B002NKK6EK,,,,
B002NKE4ZW,B002NKE4ZW,,,,
B001TONDIM,B001TONDIM,,,,
B00006BMO1,B00006BMO1,,,,
B01CT6Q628,B01CT6Q628,,,,
B01HFGC9N2,B01HFGC9N2,,,,
B018WFZ4J6,B018WFZ4J6,,,,
B00W1KSGFI,B00W1KSGFI,,,,
B01CT6SOF0,B01CT6SOF0,,,,
B01CT6SO7I,B01CT6SO7I,,,,
B01J6DKKG0,B01J6DKKG0,,,,
B01FLZC8ZI,B01FLZC8ZI,,,,
B01AWKMUOG,B01AWKMUOG,,,,
B01BCMKEXW,B01BCMKEXW,,,,
B01GTOMDIC,B01GTOMDIC,,,,
B01GEVYNT2,B01GEVYNT2,,,,
B01GTONN2W,B01GTONN2W,,,,
B00MTZIO7A,B00MTZIO7A,,,,
B01BU29N36,B01BU29N36,,,,
B01L9NOCOG,B01L9NOCOG,,,,
B01ARHKIO8,B01ARHKIO8,,,,
B0091O6EV0,B0091O6EV0,,,,
B00L39C9YW,B00L39C9YW,,,,
B00J4UY4GI,B00J4UY4GI,,,,
B00CS2ZX46,B00CS2ZX46,,,,
B005SSBE7W,B005SSBE7W,,,,
B01LBBN2H4,B01LBBN2H4,,,,
B01LWP9NLR,B01LWP9NLR,,,,
B01M19DUL6,B01M19DUL6,,,,
B013SR8W3I,B013SR8W3I,,,,
B00TX5P9YU,B00TX5P9YU,,,,
B00GU23TLE,B00GU23TLE,,,,
B00VFO3NEK,B00VFO3NEK,,,,
B00LW9IHRQ,B00LW9IHRQ,,,,
B01M04XWYD,B01M04XWYD,,,,
B00AX2OONE,B00AX2OONE,,,,
B01L9KXE1Q,B01L9KXE1Q,,,,
B00J4UXW5W,B00J4UXW5W,,,,
B01ET9PX54,B01ET9PX54,,,,
B018SBTJMW,B018SBTJMW,,,,
