pid,country,pname,brand,price
028416321X,de,Bot Check,Bot,
028444765X,de,Bot Check,Bot,
284162043,de,Bot Check,Bot,
284162051,de,Bot Check,Bot,
284163163,de,Bot Check,Bot,
284163244,de,Bot Check,Bot,
284163252,de,Bot Check,Bot,
284164119,de,Bot Check,Bot,
284164305,de,Bot Check,Bot,
284164313,de,Bot Check,Bot,
284164372,de,Bot Check,Bot,
284164380,de,Bot Check,Bot,
284164399,de,Bot Check,Bot,
284164771,de,Bot Check,Bot,
284165379,de,Bot Check,Bot,
284443476,de,Bot Check,Bot,
284445363,de,Bot Check,Bot,
284445460,de,Bot Check,Bot,
284445479,de,Bot Check,Bot,
284445495,de,Bot Check,Bot,
284445746,de,Bot Check,Bot,
284445754,de,Bot Check,Bot,
284445762,de,Bot Check,Bot,
284445800,de,Bot Check,Bot,
284445819,de,Bot Check,Bot,
284445827,de,Bot Check,Bot,
284445967,de,Bot Check,Bot,
284445975,de,Bot Check,Bot,
284446114,de,Bot Check,Bot,
284446122,de,Bot Check,Bot,
284446130,de,Bot Check,Bot,
284446378,de,Bot Check,Bot,
284446386,de,Bot Check,Bot,
284446394,de,Bot Check,Bot,
284446475,de,Bot Check,Bot,
B00004YV47,de,Bot Check,Bot,
B00004YV4C,de,Bot Check,Bot,
B00005KBGU,de,Bot Check,Bot,
B00005LEJP,de,Bot Check,Bot,
B00005LJ3D,de,Bot Check,Bot,
B00005NUHC,de,Bot Check,Bot,
B00005UUZH,de,Nokia 6510 Handy,Microsoft,
B00005Y4BF,de,Bot Check,Bot,
B00005Y4BJ,de,Bot Check,Bot,
B0000665KT,de,Bot Check,Bot,
B0000665KW,de,Bot Check,Bot,
B0000665KY,de,Bot Check,Bot,
B0000665L0,de,Nokia 8910 Handy titanium schwarz,Microsoft,
B0000665L1,de,Bot Check,Bot,
B00006BMO1,de,Bot Check,Bot,
B00006CJJZ,de,Bot Check,Bot,
B00007148P,de,Bot Check,Bot,
B00008AOJZ,de,Bot Check,Bot,
B00008AOL5,de,Bot Check,Bot,
B00008AOME,de,Bot Check,Bot,
B0000AL6QU,de,Bot Check,Bot,
B0000C76SJ,de,Nokia 8310 dark Handy,Microsoft,
B000122D4I,de,Bot Check,Bot,
B000122X9I,de,Nokia 6310 Telefon mobil DualBand GSM 900,Microsoft,499.99
B00013PRP4,de,Bot Check,Bot,
B000185HA4,de,Bot Check,Bot,
B0001YM0CQ,de,Bot Check,Bot,
B0002088KW,de,Bot Check,Bot,
B0002JZMGQ,de,Bot Check,Bot,
B0002TMZH0,de,Bot Check,Bot,
B000620IWC,de,Bot Check,Bot,
B00068XALC,de,Bot Check,Bot,
B00096ZORY,de,Bot Check,Bot,
B00096ZQ6S,de,Bot Check,Bot,
B000A6AQFI,de,Bot Check,Bot,
B000ACKV2K,de,Bot Check,Bot,
B000AMPYPO,de,Bot Check,Bot,
B000BDETD0,de,Bot Check,Bot,
B000BW6GRI,de,Telekom SDA music Mobiltelefon Tri Band + Organizer,DeutscheTelekom,249.9
B000BYY1RS,de,Bot Check,Bot,
B000BYZOPG,de,Bot Check,Bot,
B000COKT0K,de,Bot Check,Bot,
B000E81U9S,de,Bot Check,Bot,
B000E9QDUS,de,Bot Check,Bot,
B000EHMNWC,de,Bot Check,Bot,
B000EN3PVY,de,Bot Check,Bot,
B000EOTT8G,de,Bot Check,Bot,
B000FCUX7S,de,Bot Check,Bot,
B000FE5EHU,de,Bot Check,Bot,
B000FE93GS,de,Bot Check,Bot,
B000FFL3PG,de,Bot Check,Bot,
B000FG9Z6Y,de,Bot Check,Bot,
B000G5SI1M,de,Bot Check,Bot,
B000GLHTIY,de,Bot Check,Bot,
B000GLHTVQ,de,Bot Check,Bot,
B000GLIYJC,de,Bot Check,Bot,
B000GSMQH6,de,Bot Check,Bot,
B000HAEQKS,de,Bot Check,Bot,
B000HDCC9C,de,Bot Check,Bot,
B000JKLHAS,de,Nokia 7373 MP3 Handy black-chrome,Microsoft,
B000JKNI3W,de,Bot Check,Bot,
B000JKPLBY,de,Bot Check,Bot,
B000KMZNDW,de,Bot Check,Bot,
B000KPSD5O,de,Bot Check,Bot,
B000KZ7YMW,de,Bot Check,Bot,
B000N2VNKQ,de,Bot Check,Bot,
B000N965NE,de,Bot Check,Bot,
B000NLTFO8,de,Bot Check,Bot,
B000NTEQ08,de,Bot Check,Bot,
B000OA2TF0,de,Bot Check,Bot,
B000OIBB2E,de,Telekom Ameo D1-Aktion T-Mobile Ameo Net,DeutscheTelekom,499.0
B000P621E2,de,Bot Check,Bot,
B000PH9NNS,de,Bot Check,Bot,
B000SZCEL0,de,Bot Check,Bot,
B000T78HQS,de,Lenovo MOTOKRZR K1 rot,Lenovo,
B000UGMJ7Q,de,Bot Check,Bot,
B000VDBC6M,de,Nokia 6500 classic black Handy,Microsoft,
B000VXLXVG,de,Bot Check,Bot,
B000W6WAL4,de,Bot Check,Bot,
B000W88J4Y,de,Bot Check,Bot,
B000WV6VMI,de,Bot Check,Bot,
B000Y3IH5S,de,T-Mobile MDA Touch,T-Mobile,399.99
B000Y9SH4S,de,Bot Check,Bot,
B000ZGMRQE,de,Bot Check,Bot,
B0011SFL0E,de,Bot Check,Bot,
B0013B82UK,de,Sony Ericsson S500i lila Handy,Sony,
B0013TF6HY,de,Bot Check,Bot,
B0014Z1GAI,de,Bot Check,Bot,
B00157WANW,de,Bot Check,Bot,
B0016Y2KY8,de,Sony Ericsson W760 intence black UMTS Handy ohne,Sony,
B001ANGMSA,de,Bot Check,Bot,
B001AX89EK,de,Bot Check,Bot,
B001AXA056,de,"Apple iPhone 3G Smartphone 3,5 Zoll schwarz",Apple,
B001CFB17S,de,Bot Check,Bot,
B001DEJK6M,de,Bot Check,Bot,
B001DN5030,de,"N96 32GB Pack (EU, Black, 16GB)",N96,
B001E0LPC2,de,Bot Check,Bot,
B001FWYXFA,de,Bot Check,Bot,
B001GCAL5U,de,Bot Check,Bot,
B001GJ0E4G,de,Bot Check,Bot,
B001GOX4OI,de,Bot Check,Bot,
B001KU7NPY,de,Bot Check,Bot,
B001MRZYEC,de,Hyundai MBD-130 Dual SIM schwarz Handy,HyundaiMobile,
B001N2SHI6,de,Bot Check,Bot,
B001NOQ9IE,de,Bot Check,Bot,
B001OD2OAQ,de,Bot Check,Bot,
B001P81VWW,de,Bot Check,Bot,
B001R4BT44,de,Bot Check,Bot,
B001TCUGKC,de,Bot Check,Bot,
B001TONDIM,de,Bot Check,Bot,
B001UHNWPW,de,Bot Check,Bot,
B001V5IX70,de,Bot Check,Bot,
B001V7RK2C,de,Bot Check,Bot,
B001V7RK2M,de,Bot Check,Bot,
B001WG6UM8,de,Bot Check,Bot,
B001XCWHGY,de,Bot Check,Bot,
B0020GTPBW,de,"Samsung F110 2"" 80g Schwarz - Handys 2""",Samsung,
B0021B0VUU,de,Bot Check,Bot,
B0027BKJWE,de,Bot Check,Bot,
B002BWBCLG,de,Bot Check,Bot,
B002COINI8,de,Bot Check,Bot,
B002CRPH3E,de,T-Mobile MDA Vario V - Smartphone - T-Mobile,T-Mobile,
B002IPGOKU,de,Bot Check,Bot,
B002KCO6KQ,de,Bot Check,Bot,
B002KLH7W6,de,Bot Check,Bot,
B002NKE4ZW,de,Falcom STEPPIII-UX-B2 Quad Band GSM,Falcom,273.26
B002NKK6EK,de,Bot Check,Bot,
B002NR7KQ0,de,Bot Check,Bot,
B002NSM6XG,de,Bot Check,Bot,
B002OISPB2,de,Bot Check,Bot,
B002PLH6DG,de,Bot Check,Bot,
B002PU9OQY,de,Bot Check,Bot,
B002R59Q06,de,Bot Check,Bot,
B002S49CJQ,de,Samsung B7620 Armani Smartphone bronze-gold,Samsung,
B002VFNGB2,de,Bot Check,Bot,
B002VWK69A,de,Bot Check,Bot,
B002WGECOA,de,Bot Check,Bot,
B002Y0B17K,de,Bot Check,Bot,
B002YDZSQM,de,Bot Check,Bot,
B002YSYDHW,de,Bot Check,Bot,
B002ZB8L4O,de,Bot Check,Bot,
B002ZRQ4RE,de,Samsung S9110 Watchphone,Samsung,
B00345ITME,de,Bot Check,Bot,
B00361FRWQ,de,Bot Check,Bot,
B0038JDF2K,de,HTC Legend Smartphone 3.2 Zoll silber,HTC,
B0038JDF34,de,Bot Check,Bot,
B0038N31GQ,de,Bot Check,Bot,
B003CQVN46,de,Bot Check,Bot,
B003DA5P22,de,Bot Check,Bot,
B003FO2RMC,de,Bot Check,Bot,
B003GCAZUO,de,Bot Check,Bot,
B003IJAE1U,de,Bot Check,Bot,
B003IZEB2M,de,Bot Check,Bot,
B003KJ1BFG,de,Bot Check,Bot,
B003LUEZFM,de,Bot Check,Bot,
B003PK37JI,de,Bot Check,Bot,
B003QTDE0A,de,Bot Check,Bot,
B003TJO7EY,de,Bot Check,Bot,
B003UPO562,de,Bot Check,Bot,
B003VYL4QQ,de,Bot Check,Bot,
B003XHGQHI,de,Bot Check,Bot,
B003YC6AZ0,de,Nokia N70?¨C?Handy,Microsoft,
B0041RRKSS,de,Bot Check,Bot,
B00426Z0HG,de,Bot Check,Bot,
B0042D75TU,de,Bot Check,Bot,
B0042H40P8,de,Bot Check,Bot,
B0043232Q0,de,Bot Check,Bot,
B004343W68,de,Bot Check,Bot,
B0043IXE3K,de,Bot Check,Bot,
B004440GIY,de,Sony SNCA-POWERBOX - Stromversorgung - Wechselstrom 110,Sony,382.02
B00447TGUA,de,Bot Check,Bot,
B0045FZTVG,de,"Samsung Galaxy Tab, T-Mobile, 17.8cm",Samsung,
B0046B8WLS,de,Apple IPHONE 4 BLACK - Mobiltelefon - 16.384 MB,Apple,
B0046HT9AU,de,Bot Check,Bot,
B0046HX1T0,de,Bot Check,Bot,
B0046HYSM4,de,Bot Check,Bot,
B0046SYQG6,de,Bot Check,Bot,
B0046TX6XE,de,Bot Check,Bot,
B0046YBAJQ,de,Bot Check,Bot,
B0047N6Z6Y,de,Sony SNCA-HRX550/EXT - Kamerageh?use f¨¹r,Sony,699.0
B004BKMJAY,de,Bot Check,Bot,
B004C67AC4,de,T-Mobile T-Mobile-Aktion Nokia C7-00 an,T-Mobile,
B004DENHP4,de,Bot Check,Bot,
B004DR8KOO,de,Bot Check,Bot,
B004FEKBG0,de,Bot Check,Bot,
B004FN0GQG,de,Bot Check,Bot,
B004FN8DRK,de,Bot Check,Bot,
B004FRLIWS,de,Bot Check,Bot,
B004G99QV0,de,Bot Check,Bot,
B004I45ILK,de,Bot Check,Bot,
B004JM61A8,de,Bot Check,Bot,
B004JQPZU6,de,Bot Check,Bot,
B004T4LTNK,de,Bot Check,Bot,
B004UR0ZKO,de,TELEKOM HTC 7 Pro 8GB anthrazit,TELEKOM,
B004XBQ9HK,de,Samsung Galaxy S II DualCore Smartphone 4.3 Zoll,Samsung,
B004XBQL5K,de,Bot Check,Bot,
B004YRBM1Q,de,Bot Check,Bot,
B004YWLD5Q,de,Bot Check,Bot,
B004YZF14C,de,"HP Veer Smartphone 2,6 Zoll schwarz",Hewlett-Packard,
B004Z2NKKG,de,Bot Check,Bot,
B0050HJN06,de,Bot Check,Bot,
B0052WHSGU,de,Bot Check,Bot,
B0052ZN9ZQ,de,Bot Check,Bot,
B00535A7G4,de,Bot Check,Bot,
B0055BBEZ4,de,Bot Check,Bot,
B00564PEWO,de,Bot Check,Bot,
B0058HTWFO,de,Bot Check,Bot,
B0058HTWJU,de,Bot Check,Bot,
B005908W9W,de,Samsung Galaxy S Plus I9001 Smartphone 4 Zoll ceramic,Samsung,349.0
B005BN1Z1E,de,Bot Check,Bot,
B005BN1Z4Q,de,Bot Check,Bot,
B005CLJ3MS,de,Bot Check,Bot,
B005FIY8NW,de,Bot Check,Bot,
B005FLITFW,de,"Samsung Galaxy S II i9100 DualCore Smartphone 4,3 Zoll",Samsung,
B005G2L7OA,de,Bot Check,Bot,
B005HNTO5M,de,Bot Check,Bot,
B005HSR7K6,de,"Nokia N9 Smartphone 3,9 Zoll schwarz",Microsoft,
B005JS9DVK,de,Bot Check,Bot,
B005K7ZML0,de,Bot Check,Bot,
B005KJ6MDA,de,Bot Check,Bot,
B005KJ6ML2,de,Bot Check,Bot,
B005KPD7SW,de,Bot Check,Bot,
B005LAVADU,de,Bot Check,Bot,
B005LBTPFY,de,Bot Check,Bot,
B005LVL6HE,de,Bot Check,Bot,
B005OUWE9Q,de,"HTC Sensation Smartphone 4,3 Zoll wei?",HTC,
B005SSBE7W,de,Apple iPhone 4S 64 GB wei?,Apple,
B005T3BBOC,de,O2 AKTION MOTOROLA DEFY+ - Mobiltelefon,O2,
B005UEF6J6,de,Bot Check,Bot,
B005UEF6QY,de,"Apple iPhone 4S Smartphone 3,5 Zoll wei?",Apple,
B005UEF72M,de,Bot Check,Bot,
B005UL5B1M,de,Bot Check,Bot,
B005V7R546,de,Bot Check,Bot,
B005XLW7AM,de,Bot Check,Bot,
B005YI9TKA,de,Bot Check,Bot,
B0062ZFSCM,de,Bot Check,Bot,
B0063UENAO,de,Bot Check,Bot,
B0064JAHUO,de,Bot Check,Bot,
B00661SIXI,de,Bot Check,Bot,
B0068OK5BG,de,Bot Check,Bot,
B0069TZEN4,de,O2 o2-Aktion Nokia Lumia 800 schw.,O2,
B006FGWVN2,de,Bot Check,Bot,
B006GJTC2G,de,Bot Check,Bot,
B006H97Y16,de,T-Mobile Nokia Lumia 800 Blau - Smartphones,Nokia,
B006INEPYA,de,Motorola RAZR V3im neuen freien und,Motorola,
B006JYQS52,de,Bot Check,Bot,
B006M03GR6,de,Bot Check,Bot,
B006R0Z1EC,de,,,
B006SUIHY2,de,Bot Check,Bot,
B006T2KTVS,de,Bot Check,Bot,
B006W0YTKE,de,Bot Check,Bot,
B006W0YTWW,de,Bot Check,Bot,
B0075M03XU,de,Bot Check,Bot,
B0077QND2C,de,Bot Check,Bot,
B0078L3MJU,de,Bot Check,Bot,
B0079XDF44,de,Bot Check,Bot,
B007A2K9YS,de,Bot Check,Bot,
B007C42M08,de,"Panasonic Eluga Smartphone 4,3 Zoll silber",Panasonic,
B007G6MKUY,de,Xperia S - schwarz,Xperia,
B007HK71TY,de,Bot Check,Bot,
B007HK72J8,de,Sony Xperia P Smartphone 4 Zoll rot,Sony,299.9
B007I782J4,de,Bot Check,Bot,
B007JXMH52,de,HTC One X Smartphone 99hrl 003-00 GSM,HTC,
B007PZGHX2,de,Bot Check,Bot,
B007R3PVXY,de,LG E610 Optimus L5 Smartphone 4 Zoll schwarz,LGElectronics,
B007RME0E6,de,BlackBerry 9790 Bold Vodafone Branding ohne Vertrag,Blackberry,249.9
B007T42D00,de,"Huawei Ascend P1 Smartphone 4,3 Zoll wei?",Huawei,
B007TH66UA,de,Bot Check,Bot,
B007TSI8C8,de,Bot Check,Bot,
B007UN4DQ2,de,Bot Check,Bot,
B007VKAJYY,de,Bot Check,Bot,
B007VKAN8G,de,Nokia 808 PureView Smartphone 16GB 4 Zoll wei?,Microsoft,
B007VOF51M,de,Bot Check,Bot,
B007ZS68UG,de,Bury CP 1000 CarPhone - Mobiltelefon f¨¹r das Auto,THBBury,349.0
B0080E5G7A,de,Bot Check,Bot,
B0082B8P1U,de,Bot Check,Bot,
B0083HGBW8,de,Bot Check,Bot,
B0084IL4R8,de,Bot Check,Bot,
B0084Y5VXU,de,Bot Check,Bot,
B0085ASZ90,de,Bot Check,Bot,
B0085PBFN8,de,Bot Check,Bot,
B0085PBKO2,de,Bot Check,Bot,
B0085T6OX0,de,Nokia Lumia 610 Smartphone,Microsoft,
B0085WXNTU,de,Bot Check,Bot,
B0087O7UAY,de,Bot Check,Bot,
B0087O7XAQ,de,Bot Check,Bot,
B0089X8VJM,de,Bot Check,Bot,
B008DG4T1Y,de,Bot Check,Bot,
B008DR3PNG,de,Bot Check,Bot,
B008E986K0,de,Bot Check,Bot,
B008HQSIK8,de,Bot Check,Bot,
B008PUWS4S,de,Bot Check,Bot,
B008R0XTB2,de,Bot Check,Bot,
B0091O6EV0,de,"swisstone BBM 320 - Seniorenhandy mit Notruftaste 1,7",swisstone,29.99
B0096E5S4Y,de,Bot Check,Bot,
B0096LU8AG,de,Bot Check,Bot,
B0097CZF5C,de,Apple iPhone 5 32 GB Schwarz - Entsperrte,Apple,459.77
B0099LAU56,de,Bot Check,Bot,
B009C5VLZM,de,Bot Check,Bot,
B009DSHCEC,de,Bot Check,Bot,
B009DSPB5E,de,Apple iPhone 5 Smartphone weiss/wei? - 64GB,Apple,
B009DSQNKQ,de,Bot Check,Bot,
B009EDXHJU,de,Bot Check,Bot,
B009ES784U,de,Bot Check,Bot,
B009ETBBJM,de,Bot Check,Bot,
B009EVP3A8,de,"Sony Xperia S Smartphone 4,3 Zoll silber-grau",Sony,299.9
B009F1ONZ8,de,Bot Check,Bot,
B009F5U060,de,Bot Check,Bot,
B009GHTY14,de,Bot Check,Bot,
B009JY1C28,de,Bot Check,Bot,
B009ORDCX2,de,Bot Check,Bot,
B009PJHAS2,de,Bot Check,Bot,
B009VEDHSI,de,Bot Check,Bot,
B009W7HMEE,de,Bot Check,Bot,
B009YX7IUE,de,Bot Check,Bot,
B009ZCB26A,de,Lenovo RAZR I XT890 NFC Smartphone Compact 8192 MB,Lenovo,
B009ZZ4G0G,de,Bot Check,Bot,
B00A21A58Y,de,"Samsung Galaxy Note 2 3G, LTE silber",T-Mobile,605.2
B00A2HOHTG,de,Samsung Galaxy Note 2 LTE 16GB Telekom-Edition,DeutscheTelekom,599.73
B00A2PY3P6,de,Bot Check,Bot,
B00A2XXXKE,de,Bot Check,Bot,
B00A38K14Y,de,Nokia Lumia 820 Smartphone,Microsoft,200.0
B00A9USBNO,de,Bot Check,Bot,
B00AFZH8F0,de,Bot Check,Bot,
B00AHZLGG0,de,Bot Check,Bot,
B00AI73LAQ,de,Bot Check,Bot,
B00AIKC7L2,de,Bot Check,Bot,
B00AIQ6HA8,de,Bot Check,Bot,
B00AJYL416,de,Bot Check,Bot,
B00AKI7UOG,de,"Nokia Lumia 920 Windows Smartphone, WLAN",Microsoft,
B00ANBTBXI,de,Bot Check,Bot,
B00ANDTGPO,de,Bot Check,Bot,
B00ARJVXT6,de,Bot Check,Bot,
B00ARJVY8G,de,Bot Check,Bot,
B00AX2OONE,de,Bot Check,Bot,
B00AXSXDFI,de,Bot Check,Bot,
B00AXSXE7U,de,Bot Check,Bot,
B00AXSXEHA,de,Bot Check,Bot,
B00AYRKQMG,de,Bot Check,Bot,
B00AZ7JUM2,de,Bot Check,Bot,
B00B47CL5U,de,Bot Check,Bot,
B00B593J08,de,Bot Check,Bot,
B00B5LQCVO,de,"Huawei Ascend G510 Smartphone 4,5 Zoll wei?",Huawei,
B00B71P0SS,de,Bot Check,Bot,
B00B883YQU,de,Bot Check,Bot,
B00B9DZQNI,de,Bot Check,Bot,
B00BBDKZ2S,de,Nokia Lumia 920 Smartphone UNLOCKED Rot,Microsoft,475.7
B00BBKWZG0,de,Bot Check,Bot,
B00BC1RZXG,de,Samsung i9305 Galaxy S3 4G Titan Grey libre,Samsung,
B00BCSXOOS,de,Bot Check,Bot,
B00BEAITWQ,de,Bot Check,Bot,
B00BEEGZBE,de,Bot Check,Bot,
B00BEQV6XE,de,Bot Check,Bot,
B00BFUS8C6,de,"HTC One Smartphone 11,9 cm silber",HTC,249.9
B00BI2VL5M,de,Bot Check,Bot,
B00BI2VLQG,de,Bot Check,Bot,
B00BJ2Z3G4,de,Bot Check,Bot,
B00BJJVO06,de,Sony Xperia SP SIM-free Android Smartphone - Schwarz,Sony,
B00BJJVQ86,de,Bot Check,Bot,
B00BJO9VWY,de,Deutsche Telekom HTC One Silber - Smartphones,DeutscheTelekom,349.0
B00BL5A29C,de,Bot Check,Bot,
B00BLSOZB0,de,Bot Check,Bot,
B00BM9BVZG,de,Bot Check,Bot,
B00BMP9T0E,de,Bot Check,Bot,
B00BMUBJJ8,de,Bot Check,Bot,
B00BN840KO,de,Bot Check,Bot,
B00BN841MQ,de,Bot Check,Bot,
B00BN8428O,de,Bot Check,Bot,
B00BNAKJ0W,de,Bot Check,Bot,
B00BNAKJFW,de,"Nokia Lumia 920 Smartphone 4,5 Zoll cyan",Microsoft,
B00BNCLLM0,de,'HTC ONE?¨C?Smartphone Android,HTC,
B00BSL8V42,de,Bot Check,Bot,
B00BT5UJ42,de,Bot Check,Bot,
B00BT99QMO,de,Sony Xperia ZL LTE Smartphone 5 Zoll rot,Sony,359.9
B00BTG1T1I,de,"Nokia Lumia 720?Smartphone, yellow",Nokia,
B00BTG1T22,de,Bot Check,Bot,
B00BUT56RC,de,Bot Check,Bot,
B00BW69W3M,de,Bot Check,Bot,
B00BWV6OZ6,de,Bot Check,Bot,
B00BWV6PXW,de,Bot Check,Bot,
B00BWV6QJA,de,Bot Check,Bot,
B00BWV6QVI,de,Bot Check,Bot,
B00C1DIGRI,de,Bot Check,Bot,
B00C3GBRRO,de,Bot Check,Bot,
B00C4S3VNE,de,Bot Check,Bot,
B00C4TP500,de,Bot Check,Bot,
B00C57KY5C,de,Bot Check,Bot,
B00C6CZVNQ,de,Bot Check,Bot,
B00CES59A2,de,Bot Check,Bot,
B00CGYDEG0,de,Bot Check,Bot,
B00CIF9MJK,de,Original Akkufachdeckel f¨¹r SAMSUNG GT-I9500,Samsung,269.0
B00CJ8NY18,de,Bot Check,Bot,
B00CJALDCS,de,Bot Check,Bot,
B00CJHUKN4,de,"LG P875 Optimus F5 Smartphone 4,3 Zoll schwarz",LGElectronics,
B00CKVZ598,de,"Samsung I8730 Galaxy Express Smartphone (11,4 cm (4,5 Zoll) Super AMOLED Touchscreen, Dual-Core, 1,2GHz, 5 Megapixel Kamera, 4GB interner Speicher, Android 4.1) grau - Telekom Edition",Samsung,
B00CKXQJO6,de,Bot Check,Bot,
B00CO21YZM,de,Bot Check,Bot,
B00CP9TJ92,de,Bot Check,Bot,
B00CS2ZWKQ,de,Bot Check,Bot,
B00CS2ZX46,de,Bot Check,Bot,
B00CSPT1IC,de,Bot Check,Bot,
B00CXO7HQQ,de,Bot Check,Bot,
B00CXSST1O,de,"Samsung Galaxy S III i9300 Smartphone 16 GB (12,2 cm (4,8 Zoll) HD Super-AMOLED-Touchscreen, 8 Megapixel Kamera, Android OS) Amber Brown",Samsung,
B00D06Y8QI,de,Bot Check,Bot,
B00D06Y90S,de,Bot Check,Bot,
B00D06Y9JY,de,Bot Check,Bot,
B00D7ZMT4A,de,Bot Check,Bot,
B00DAS0C48,de,Bot Check,Bot,
B00DAS0DSI,de,Bot Check,Bot,
B00DB93SLA,de,Bot Check,Bot,
B00DC7CD7G,de,Bot Check,Bot,
B00DELEATO,de,Bot Check,Bot,
B00DELED3C,de,Bot Check,Bot,
B00DF33HSG,de,Bot Check,Bot,
B00DGJ6E34,de,"Huawei Ascend P6 Smartphone 4,7 Zoll wei?",Huawei,
B00DHLP5P4,de,Bot Check,Bot,
B00DMYKZY2,de,Bot Check,Bot,
B00DMYL0HS,de,BlackBerry Q5 Smartphone 3.1 Zoll schwarz,Blackberry,
B00DNXNQDO,de,Bot Check,Bot,
B00DOANTJ2,de,Bot Check,Bot,
B00DPT52G0,de,Bot Check,Bot,
B00DQ6TRF4,de,Bot Check,Bot,
B00DQ6TU24,de,Bot Check,Bot,
B00DSQGXOK,de,Bot Check,Bot,
B00DSR6WMM,de,Bot Check,Bot,
B00DTV8K54,de,Bot Check,Bot,
B00DUFOGPC,de,Bot Check,Bot,
B00DYVYC1A,de,Bot Check,Bot,
B00DZG9Z3O,de,Bot Check,Bot,
B00E0EPURA,de,Bot Check,Bot,
B00E0G3R8W,de,Bot Check,Bot,
B00E1ILQ2S,de,Bot Check,Bot,
B00E3GRZDC,de,Bot Check,Bot,
B00E3I7UBM,de,Bot Check,Bot,
B00E4MHY54,de,"Huawei Ascend G525 Dual-SIM Smartphone 4,5 Zoll schwarz",Huawei,
B00E4MHY6I,de,Bot Check,Bot,
B00E4OBKQ6,de,"HTC One Smartphone 11,9 cm rot",HTC,
B00E57PIGK,de,Bot Check,Bot,
B00E5C03TW,de,Bot Check,Bot,
B00EB7Q65Q,de,Bot Check,Bot,
B00EC693B0,de,Nokia Lumia 625,Microsoft,208.98
B00ECO87JG,de,Bot Check,Bot,
B00ECO8AES,de,"Wiko Darkside Smartphone 5,7 Zoll arctic wei?",Wiko,
B00ECVF8WI,de,Bot Check,Bot,
B00EE6P48E,de,"HTC Desire 500 Smartphone 4,3 Zoll glacier blue",HTC,
B00EJE1V56,de,Bot Check,Bot,
B00EQ0BHK2,de,Bot Check,Bot,
B00EQ8Y7AG,de,"LG G2 Smartphone 13,2 cm schwarz",LGElectronics,
B00ET3WZKC,de,Bot Check,Bot,
B00ET7MYBS,de,Bot Check,Bot,
B00EUSXCD0,de,Doro Phone Easy 607 Sim Freies Handy Schwarz / Graphit,Doro,
B00EXMV9C4,de,Bot Check,Bot,
B00EZ13J6W,de,"HTC One Smartphone 4,7 Zoll hellblau",HTC,449.9
B00F027380,de,Bot Check,Bot,
B00F029ODW,de,Bot Check,Bot,
B00F07WTF2,de,"Samsung Galaxy Note 3 Smartphone 5,7 Zoll wei?",Samsung,535.42
B00F07WTLG,de,Bot Check,Bot,
B00F0KUZOQ,de,Bot Check,Bot,
B00F3J27CC,de,Bot Check,Bot,
B00F3J2ITY,de,Bot Check,Bot,
B00F3J31C2,de,Bot Check,Bot,
B00F3J4HCA,de,"Apple iPhone 5S 16GB silber wie NEU OVP Smartphone (10,2 cm (4 Zoll) IPS Retina-Touchscreen, 8 Megapixel Kamera) Handy mit allem Apple Zubeh?r",Apple,
B00F652TBM,de,Bot Check,Bot,
B00F6TRKWG,de,Bot Check,Bot,
B00F6X031C,de,Bot Check,Bot,
B00F6X0SK8,de,Bot Check,Bot,
B00F8C885E,de,Bot Check,Bot,
B00F8JDBF4,de,"Apple iPhone 5S Smartphone 10,2 cm spacegrau",Apple,
B00F8JDBT0,de,Apple iPhone 5S Smartphone 4 Zoll Gold,Apple,
B00F8JDCBC,de,Bot Check,Bot,
B00F8JDD2K,de,Bot Check,Bot,
B00F8JHAKQ,de,Bot Check,Bot,
B00F8JHBPK,de,Bot Check,Bot,
B00F8JHCMC,de,Bot Check,Bot,
B00F8JHD76,de,Bot Check,Bot,
B00F8JHDN0,de,Bot Check,Bot,
B00F8JHE16,de,Bot Check,Bot,
B00F8JHESY,de,Bot Check,Bot,
B00F8JHFD8,de,Bot Check,Bot,
B00F8JHFWO,de,"Apple iPhone 5C Smartphone 10,2 cm gr¨¹n",Apple,
B00F8JHGXM,de,Bot Check,Bot,
B00F8WGF1S,de,Asus Fonepad Note 6 15.24 cm Tablet PCs weiss,ASUSComputer,
B00F8WGFIQ,de,,,
B00FB8IK3A,de,Bot Check,Bot,
B00FBG3KPU,de,Bot Check,Bot,
B00FBTZB7W,de,Apple iPhone 5S 16GB schwarz / Spacegrau wie NEU OVP,Apple,
B00FFDHECO,de,iPhone 5S 4?g gold 16?GB,Apple,
B00FG0UCC0,de,Bot Check,Bot,
B00FG1J7FC,de,Bot Check,Bot,
B00FKQEJA6,de,Blackberry Z30?16?GB 4?G,Blackberry,
B00FN2HX8C,de,Bot Check,Bot,
B00FRLAZXO,de,Bot Check,Bot,
B00FSBOG0Q,de,"'Leotec l-phone Xenon X157?5,7, 8?MP",Leotec,231.87
B00FVPEF7I,de,Bot Check,Bot,
B00FVPVW0Q,de,Bot Check,Bot,
B00FW3MCYM,de,Bot Check,Bot,
B00FW5G476,de,Bot Check,Bot,
B00G4DTPEE,de,Bot Check,Bot,
B00G4DTQLQ,de,Bot Check,Bot,
B00G4DTR0G,de,Bot Check,Bot,
B00G7C06N6,de,Bot Check,Bot,
B00G7FXQYY,de,Bot Check,Bot,
B00G7G06XW,de,Bot Check,Bot,
B00G7G8UPS,de,Bot Check,Bot,
B00G7GOUDY,de,Bot Check,Bot,
B00G7GRZ3G,de,Bot Check,Bot,
B00G7GYLZQ,de,Bot Check,Bot,
B00G93UJ6C,de,Apple iPhone 4S 8GB Black,Apple,
B00G94TNMW,de,Bot Check,Bot,
B00GD97XNY,de,Bot Check,Bot,
B00GD98CU2,de,Bot Check,Bot,
B00GD98JKA,de,Bot Check,Bot,
B00GDD9N60,de,Bot Check,Bot,
B00GDD9NEW,de,Bot Check,Bot,
B00GE4EZEI,de,Bot Check,Bot,
B00GG0HEIO,de,Bot Check,Bot,
B00GGDWJTU,de,Bot Check,Bot,
B00GHWKAJG,de,Blackberry Bold 9900?8?GB,Blackberry,
B00GIF65G4,de,Bot Check,Bot,
B00GIF65IC,de,Bot Check,Bot,
B00GJO57WM,de,Bot Check,Bot,
B00GMGZN58,de,Bot Check,Bot,
B00GNMEZ0K,de,Bot Check,Bot,
B00GQVANNG,de,Bot Check,Bot,
B00GTPQZ0Y,de,Bot Check,Bot,
B00GTSLIZS,de,Bot Check,Bot,
B00GTX3MZM,de,Bot Check,Bot,
B00GU23TLE,de,"BlackBerry P9982 Smartphone 4,2 Zoll",Blackberry,385.19
B00GUB55TO,de,Bot Check,Bot,
B00GUC29L0,de,Bot Check,Bot,
B00GVW5290,de,Bot Check,Bot,
B00GWK8P6I,de,Bot Check,Bot,
B00GWMEGOG,de,Bot Check,Bot,
B00GXDXTE2,de,Bot Check,Bot,
B00GY04D3U,de,"Apple iPhone 5s - Smartphone - 8 MP 16 GB - Grau, ME432FD/A",Apple,
B00H11R8DS,de,Bot Check,Bot,
B00H3SBS8U,de,Bot Check,Bot,
B00H4FSD26,de,Bot Check,Bot,
B00H4JQ4EG,de,PlentiMedia Stand-Touch-Display 55 Zoll Mega Smart-Phone look Touchscreen Monitor Digital Signage,PlentiMedia,
B00H4JR03K,de,Bot Check,Bot,
B00H53G0H2,de,Bot Check,Bot,
B00HAMT8C2,de,Nokia Lumia 1520 ohne Vertrag rot,Nokia,
B00HI99FQG,de,Bot Check,Bot,
B00HN4RH8Y,de,Bot Check,Bot,
B00HN4RHAM,de,Bot Check,Bot,
B00HQDV4ZY,de,"Sony Xperia Z1 Compact Smartphone 10,9 cm schwarz",Sony,225.9
B00HQDV71U,de,Bot Check,Bot,
B00HQDV8EG,de,,,
B00HR1TYBQ,de,Bot Check,Bot,
B00HU202JA,de,Bot Check,Bot,
B00HVKLTAC,de,Bot Check,Bot,
B00HWBTCGI,de,Bot Check,Bot,
B00HWBTHKY,de,Bot Check,Bot,
B00HZOJNZ2,de,Smartphone Sony Xperia P Wind,Sony,
B00HZRA8S0,de,Bot Check,Bot,
B00I0NUSBK,de,Apple iPhone 5S Smartphone 4 Zoll silber,Apple,
B00I2KOC0E,de,"I-Joy TLF-ELEKTRA XXL Smartphone Bildschirm 15,2 cm",I-Joy,298.6
B00I2O1S5M,de,Bot Check,Bot,
B00I2V5B4E,de,Bot Check,Bot,
B00I51EJNK,de,Bot Check,Bot,
B00I51EZ7A,de,Bot Check,Bot,
B00I8RXP5O,de,Bot Check,Bot,
B00I9VCREE,de,Bot Check,Bot,
B00IBD7JZC,de,"Samsung Galaxy Note 3 Neo Smartphone 5,49 Zoll schwarz",Samsung,
B00ICF986M,de,Bot Check,Bot,
B00IF11ETC,de,Bot Check,Bot,
B00IFXFRCA,de,Bot Check,Bot,
B00IGDZUAS,de,Bot Check,Bot,
B00IGE2G2C,de,,,
B00IIHDCAW,de,Bot Check,Bot,
B00IJHGSIO,de,Bot Check,Bot,
B00IJRTPE8,de,Bot Check,Bot,
B00IJZZIBO,de,Bot Check,Bot,
B00IK64XD6,de,Bot Check,Bot,
B00IKFAR5U,de,Bot Check,Bot,
B00IKFASC2,de,Bot Check,Bot,
B00IKFATOO,de,"Sony Xperia M2 Smartphone 4,8 Zoll violett",Sony,
B00IKFB4OS,de,Bot Check,Bot,
B00IKIZI10,de,"HTC One M8 Smartphone 12,7 cm metallgrau",HTC,274.9
B00IKN5GOO,de,Bot Check,Bot,
B00IKN5GZI,de,Bot Check,Bot,
B00ILIYQKI,de,Bot Check,Bot,
B00IN9M4BS,de,Bot Check,Bot,
B00IOUCP4C,de,Bot Check,Bot,
B00IPB5N76,de,Bot Check,Bot,
B00IQVS386,de,Bot Check,Bot,
B00IRZ7D0K,de,Bot Check,Bot,
B00IRZ7Z4Y,de,Bot Check,Bot,
B00IRZ8RKK,de,Bot Check,Bot,
B00ISUSB3M,de,Bot Check,Bot,
B00ITJSRN6,de,Bot Check,Bot,
B00IVGRQS4,de,GALAXY S5 SM-G905F,GALAXY,
B00IZCFZZA,de,Bot Check,Bot,
B00IZCKU2S,de,Bot Check,Bot,
B00J01TB8W,de,Samsung Galaxy S5 LTE+ gold,SamsungElectronicGmbH,455.78
B00J2SQRI0,de,Bot Check,Bot,
B00J3RD8U0,de,Bot Check,Bot,
B00J3RDIMI,de,Bot Check,Bot,
B00J4UUHWS,de,Bot Check,Bot,
B00J4UVDGW,de,Bot Check,Bot,
B00J4UVHEA,de,Bot Check,Bot,
B00J4UXW5W,de,Apple iPhone 5C Smartphone 4 Zoll Gelb,Apple,
B00J4UY4GI,de,Bot Check,Bot,
B00J5K1YHY,de,"LG G Flex Smartphone UNLOCKED , 32 GBSpanien-import",LGElectronics,550.13
B00J67F0YO,de,Bot Check,Bot,
B00J8NEFTM,de,"HTC One 2014 Smartphone, kein SIM-Lock, 4G, 5 Zoll, 16",HTC,
B00J8NEIF8,de,Bot Check,Bot,
B00J9Q9H2S,de,Bot Check,Bot,
B00J9QIA1C,de,Bot Check,Bot,
B00JEXWP3Y,de,Bot Check,Bot,
B00JFBR42C,de,Bot Check,Bot,
B00JGL429O,de,Bot Check,Bot,
B00JGL42AI,de,Bot Check,Bot,
B00JH0AEZK,de,Bot Check,Bot,
B00JIKJHOI,de,Bot Check,Bot,
B00JKRBCZ6,de,Bot Check,Bot,
B00JMKU3OM,de,"Samsung Galaxy S5 Smartphone (12,95 cm (5,1 Zoll) Touch-Display, 2,5 GHz Quad-Core Prozessor, 16 MP Kamera, Android 4.4 OS) Copper-Gold",Samsung,329.99
B00JOCGNBA,de,Bot Check,Bot,
B00JONOR6W,de,Bot Check,Bot,
B00JQB3CWC,de,Bot Check,Bot,
B00JQX3OK0,de,Bot Check,Bot,
B00JR6JG1W,de,"Samsung Galaxy S5 Smartphone 5,1 Zoll - Schwarz",Samsung,
B00JR97XO6,de,Nokia Lumia 630 - 8 GB - Gr¨¹n,Nokia,
B00JRE4FHE,de,Bot Check,Bot,
B00JTBE886,de,"SS296 - SAMSUNG SRD-1673D 16 Kan?le 6 TB H, 264 DVR CCTV Problembehandlung IOS ANDROID SMARTPHONE kompatibel 400FPS CMS",SS296,
B00JVWYA68,de,Bot Check,Bot,
B00JWIYDM2,de,Bot Check,Bot,
B00JWN32PQ,de,Bot Check,Bot,
B00JWX7ZBI,de,Bot Check,Bot,
B00JWXC2CK,de,Bot Check,Bot,
B00JWXC7RU,de,Bot Check,Bot,
B00JXQS8CY,de,Bot Check,Bot,
B00JZ7XWBI,de,Bot Check,Bot,
B00K5V0OL4,de,Bot Check,Bot,
B00K5V0OZK,de,Bot Check,Bot,
B00K5V0PJA,de,Bot Check,Bot,
B00K5V0Q08,de,Bot Check,Bot,
B00K9Q79FE,de,Handy Sagem MC393 MC 393 Phone NEW Original Kult Handy,Handy,
B00KBV1JQW,de,Bot Check,Bot,
B00KBV1JSK,de,Bot Check,Bot,
B00KBWF0NY,de,HTC One mini 2 - 16 GB - Grau,HTC,
B00KCEOC76,de,Bot Check,Bot,
B00KG1HXFS,de,Bot Check,Bot,
B00KG1HXJE,de,Bot Check,Bot,
B00KGVBJ8A,de,Bot Check,Bot,
B00KGVBQPQ,de,Bot Check,Bot,
B00KGX4M3M,de,Bot Check,Bot,
B00KHR44X0,de,Bot Check,Bot,
B00KJF4S40,de,RugGear RG500 Handy schwarz/gelb,Ruggear,
B00KKM2TIO,de,Bot Check,Bot,
B00KKM2UZG,de,Bot Check,Bot,
B00KKM2WT0,de,Bot Check,Bot,
B00KL3WF54,de,Bot Check,Bot,
B00KLECC88,de,Bot Check,Bot,
B00KM10ITU,de,Bot Check,Bot,
B00KM10PMA,de,Bot Check,Bot,
B00KMZ07J2,de,Bot Check,Bot,
B00KN01PBK,de,Bot Check,Bot,
B00KNERWVS,de,Bot Check,Bot,
B00KO4OXPU,de,"LG G3?Smartphone entsperrt 4?g 5,5?Zoll",LGElectronics,
B00KO4P61U,de,Bot Check,Bot,
B00KO6WE8G,de,,,
B00KRC5HGI,de,Bot Check,Bot,
B00KRC6W62,de,Bot Check,Bot,
B00KRC83Y6,de,Bot Check,Bot,
B00KRC9318,de,Bot Check,Bot,
B00KS788WC,de,"Datalogic Skorpio X3, 1D, USB, RS232, Num. (942350002)",Datalogic,
B00KS7DHB4,de,"Datalogic Skorpio X3, 1D, USB, RS232, BT, WLAN, Alpha (942350005)",Datalogic,
B00KS7EQY6,de,Bot Check,Bot,
B00KS7FQ6S,de,Bot Check,Bot,
B00KS7GOS2,de,Bot Check,Bot,
B00KS7HLAW,de,Bot Check,Bot,
B00KS7NGF6,de,"Datalogic Skorpio X3, 1D, USB, RS232, BT, WLAN (942350011)",Datalogic,
B00KS7PHLW,de,Bot Check,Bot,
B00KS7R74C,de,Bot Check,Bot,
B00KS7T28G,de,Bot Check,Bot,
B00KTB0SXY,de,Bot Check,Bot,
B00KYIMJMA,de,Bot Check,Bot,
B00KYW0KRM,de,Bot Check,Bot,
B00L1H4XW2,de,Bot Check,Bot,
B00L39C9YW,de,Bot Check,Bot,
B00L5INZHG,de,LG D855?G3?Smartphone entsperrt Gold,LGElectronics,386.62
B00L8687LE,de,Bot Check,Bot,
B00LA2XDI8,de,Bot Check,Bot,
B00LECWFB0,de,Acer Liquid E700 Trio Smartphone 5 Zoll rot,Acer,
B00LET5U6K,de,Bot Check,Bot,
B00LGZXTSI,de,Bot Check,Bot,
B00LH0116E,de,Bot Check,Bot,
B00LJOCGI0,de,Bot Check,Bot,
B00LO4F68W,de,Bot Check,Bot,
B00LW3RN6I,de,Bot Check,Bot,
B00LW9IHRQ,de,Bot Check,Bot,
B00LW9L3W2,de,Bot Check,Bot,
B00LYR94SW,de,Alcatel IDOL X + 6043D - Smartphone 5 &quot;,Alcatel,250.0
B00M10MM7Q,de,Bot Check,Bot,
B00M56L4JI,de,Bot Check,Bot,
B00MAM0G8W,de,Bot Check,Bot,
B00MAMMBQW,de,HTC Desire 516 - wei? - Dual SIM-Smartphone,HTC,
B00MASAXC0,de,Bot Check,Bot,
B00MBRR7QU,de,Bot Check,Bot,
B00MECVOZC,de,Samsung Galaxy S5 Mini wei?,Samsung,
B00MGP1YE8,de,Samsung SM-G800FZWABTU - G800 Galaxy S5 Mini 16GB LTE,Samsung,
B00MIVFOT6,de,Bot Check,Bot,
B00MIVFWD4,de,Bot Check,Bot,
B00MIVGA94,de,Bot Check,Bot,
B00MJ9ELX2,de,Bot Check,Bot,
B00MP46NUK,de,Bot Check,Bot,
B00MTZIO7A,de,Bot Check,Bot,
B00MU3U3ZC,de,"Samsung i9301i Galaxy S3 Neo Smartphone 4,8 Zoll blau",Samsung,
B00MUSIN40,de,Bot Check,Bot,
B00MV55R3C,de,Bot Check,Bot,
B00MWNWC2W,de,Bot Check,Bot,
B00MX1MQEC,de,Bot Check,Bot,
B00MXR67V4,de,Bot Check,Bot,
B00MYZ30X8,de,Bot Check,Bot,
B00N1R3WFO,de,Bot Check,Bot,
B00N4NQ8P6,de,Bot Check,Bot,
B00N7SF750,de,Bot Check,Bot,
B00N83LLLI,de,Bot Check,Bot,
B00N8MO3ZA,de,Bot Check,Bot,
B00N9BORG0,de,Bot Check,Bot,
B00N9BOSF0,de,Bot Check,Bot,
B00N9O86V4,de,"Sony Xperia Z3 Smartphone 13,2 cm Schwarz",Sony,349.9
B00N9O8C2M,de,Bot Check,Bot,
B00N9O8GAU,de,Bot Check,Bot,
B00N9O8JGG,de,,,
B00N9O8NPS,de,Bot Check,Bot,
B00N9O8VYG,de,Bot Check,Bot,
B00N9O90BO,de,Bot Check,Bot,
B00NB1DVII,de,"Samsung Galaxy Note 4 Smartphone 14,5 cm wei?",Samsung,
B00NB5XE36,de,Bot Check,Bot,
B00NB5XEXQ,de,Bot Check,Bot,
B00NB5XGDO,de,Bot Check,Bot,
B00NBZ7FR2,de,Bot Check,Bot,
B00NBZ7FSG,de,"Lenovo Moto X 4G, Smartphone, ohne SIM-Lock 13,2 cm",Lenovo,
B00NBZ7LDA,de,Bot Check,Bot,
B00NC5TEVG,de,Bot Check,Bot,
B00NEEXAF6,de,Bot Check,Bot,
B00NEEXALK,de,Bot Check,Bot,
B00NF3HX7M,de,"simvalley MOBILE Dual-SIM-Outdoor-Handy, Walkie-Talkie",simvalleyMOBILE,
B00NFCGR98,de,Bot Check,Bot,
B00NFDB6XE,de,Bot Check,Bot,
B00NFG50P6,de,Bot Check,Bot,
B00NFG55YW,de,Bot Check,Bot,
B00NFI7ZYS,de,Bot Check,Bot,
B00NFQ3MWE,de,Bot Check,Bot,
B00NFSP9XW,de,"Samsung Omnia II i8000 wei?, frei f¨¹r alle Netze",Samsung,
B00NFWYWI6,de,"Wiko Highway Signs Dual-SIM Smartphone 11,9 cm lilla",Wiko,
B00NGOC16S,de,Apple iPhone 6 Plus Smartphone 14 cm grau,Apple,469.99
B00NGOC988,de,Bot Check,Bot,
B00NGOCJ74,de,"Apple iPhone 6 Smartphone 11,9 cm grau",Apple,549.0
B00NGOCP64,de,"Apple iPhone 6 Smartphone 11,9 cm silber",Apple,499.0
B00NGOCUFK,de,Bot Check,Bot,
B00NGOCZ3C,de,Apple iPhone 6 mit 64 GB,Apple,
B00NGOD752,de,"Apple iPhone 6 Smartphone 11,9 cm gold",Apple,
B00NHONL7U,de,Nokia N900?32?GB,Nokia,
B00NHQNKPQ,de,"OnePlus 64GB in Schwarz, 5.5¡° Display, Android",ONEPLUS,
B00NI0AUPE,de,"Apple iPhone 6 Smartphone 11,9 cm silber",Apple,652.99
B00NI0AVQW,de,Apple iPhone 6 Plus Smartphone 14 cm grau,Apple,
B00NI0AX06,de,Apple iPhone 6 Plus Smartphone 14 cm silber,Apple,
B00NI0BL5C,de,"Apple iPhone 6 Smartphone 11,9 cm gold",Apple,666.66
B00NI0BOYA,de,Apple iPhone 6 Plus Smartphone 14 cm gold,Apple,
B00NI0BPTE,de,,,
B00NI0BRBK,de,Apple iPhone 6 Plus Smartphone 14 cm gold,Apple,
B00NI0BV48,de,"Apple iPhone 6 Smartphone 11,9 cm grau",Apple,876.73
B00NI0E62C,de,Bot Check,Bot,
B00NIV5BJ8,de,Bot Check,Bot,
B00NK332IG,de,Apple iPhone 6 16GB Spacegrey,Apple,
B00NLPYMXM,de,Bot Check,Bot,
B00NLYTNHS,de,Bot Check,Bot,
B00NMLP158,de,Bot Check,Bot,
B00NMM5WQK,de,Bot Check,Bot,
B00NNL3OEW,de,GTC Inmarsat IsatPhone 2 - Satelliten-Telefon mit SIM-Karte und 250 Airtime (192* Minuten)-Einheiten,GTC,
B00NNMUORQ,de,Bot Check,Bot,
B00NOIGAPE,de,RugGear RG900 3G 7.0 Tablet,Ruggear,
B00NOLWMJY,de,Bot Check,Bot,
B00NOQZGDS,de,Bot Check,Bot,
B00NOQZGEM,de,Bot Check,Bot,
B00NOZLUAC,de,Bot Check,Bot,
B00NOZLUFM,de,Bot Check,Bot,
B00NOZLZWA,de,Bot Check,Bot,
B00NPTLX0Y,de,Bot Check,Bot,
B00NPY1C64,de,Apple iPhone 6 16 GB Silber refurbished,Apple,
B00NQ1GBEY,de,Bot Check,Bot,
B00NQGP4EW,de,Apple MG4H2B/A - iPhone 6 Sim Free 64GB - Silver,Apple,
B00NQHYU0K,de,Bot Check,Bot,
B00NR8KMAK,de,Bot Check,Bot,
B00NSGA8IM,de,Bot Check,Bot,
B00NSGABBG,de,Bot Check,Bot,
B00NSRC4Y2,de,Bot Check,Bot,
B00NUBXW06,de,Bot Check,Bot,
B00NVJPQUG,de,Bot Check,Bot,
B00NW66AUS,de,Bot Check,Bot,
B00NW66ORC,de,Bot Check,Bot,
B00NWC5W4C,de,Bot Check,Bot,
B00NXFRKFC,de,'Sony Xperia Z3?16?GB 4?G,Sony,
B00NYABR6O,de,Bot Check,Bot,
B00NYFE6YE,de,"SAMSUNG G850F GALAXY ALPHA 4.7"" 32GB 4G LTE",SAMSUNG,
B00NZRCMVU,de,Bot Check,Bot,
B00NZUO0Q2,de,Bot Check,Bot,
B00O1VNPUQ,de,Bot Check,Bot,
B00O2BQ1OW,de,Bot Check,Bot,
B00O2BUGTI,de,Bot Check,Bot,
B00O2YHA76,de,Bot Check,Bot,
B00O2YI1X8,de,Bot Check,Bot,
B00O2YIY0S,de,Bot Check,Bot,
B00O3HP7TA,de,Bot Check,Bot,
B00O453K86,de,Bot Check,Bot,
B00O9PKF7U,de,Bot Check,Bot,
B00O9VWD2Y,de,Bot Check,Bot,
B00OBJ9J3A,de,"Sony Xperia E3 Smartphone - 11,4 cm IPS-Display, 1,2",Sony,
B00OBSSXCE,de,Bot Check,Bot,
B00OD1MBMC,de,Bot Check,Bot,
B00OE45OUE,de,Bot Check,Bot,
B00OHVB4RG,de,Bot Check,Bot,
B00OHW7YKQ,de,Bot Check,Bot,
B00OKCVZOO,de,Mobistel Cynus T8 Smartphone 5 Zoll wei?,Mobistel,
B00OKUEPF2,de,Bot Check,Bot,
B00OLSTJR2,de,Bot Check,Bot,
B00OLSTPIA,de,Bot Check,Bot,
B00OM257SC,de,Bot Check,Bot,
B00OOPZLL0,de,Bot Check,Bot,
B00OQ3OZVC,de,Bot Check,Bot,
B00OQUPJ7E,de,Sony Xperia Z3 Dual - 16 GB - White,Sony,319.99
B00ORV2G7S,de,Bot Check,Bot,
B00ORXDFDU,de,Bot Check,Bot,
B00ORXDFN0,de,Bot Check,Bot,
B00OTAQZ38,de,Bot Check,Bot,
B00OTAQZBK,de,Bot Check,Bot,
B00OXO2FO8,de,Bot Check,Bot,
B00OY4IL9U,de,Bot Check,Bot,
B00OYN7N90,de,Bot Check,Bot,
B00OYSL9TU,de,Xperia Z3 compact copper mobilcom-debitel,Sony,590.6
B00OYXHTBC,de,Bot Check,Bot,
B00OZ06WVW,de,Bot Check,Bot,
B00OZ0ANMQ,de,Bot Check,Bot,
B00OZ4T6VQ,de,Bot Check,Bot,
B00OZ4T7C4,de,"Nexus 6 (64 GB, Wei?)",Nexus,
B00P00KYJC,de,Bot Check,Bot,
B00P1M0SKE,de,Bot Check,Bot,
B00P2978WC,de,BlackBerry PRD-59181-008 - PASSPORT SQW100-1 REG UK - QWERTY WHITE 4.5IN 32GB IN,BlackBerry,
B00P298GYG,de,Bot Check,Bot,
B00P298GZU,de,Bot Check,Bot,
B00P2G2GKO,de,Bot Check,Bot,
B00P7R9QWE,de,Bot Check,Bot,
B00PAWZFSA,de,Bot Check,Bot,
B00PCQ1Q28,de,Bot Check,Bot,
B00PCQ1RFY,de,Bot Check,Bot,
B00PK4IQDO,de,Bot Check,Bot,
B00PP0MA3U,de,Bot Check,Bot,
B00PWJNQZ0,de,Bot Check,Bot,
B00Q3XZYO0,de,Bot Check,Bot,
B00Q9K8IJU,de,Bot Check,Bot,
B00QAZN7Z4,de,,,
B00QIVIFXE,de,Bot Check,Bot,
B00QIZCP4K,de,Wiko Highway lila,Wiko,
B00QJ44P84,de,Bot Check,Bot,
B00QKRVFL0,de,Bot Check,Bot,
B00QKYTZVU,de,Bot Check,Bot,
B00QLCWLH6,de,Bot Check,Bot,
B00QLPCFOW,de,Bot Check,Bot,
B00QLPCFUQ,de,Bot Check,Bot,
B00QN9UU7A,de,Bot Check,Bot,
B00QNJT3AK,de,Bot Check,Bot,
B00QNVSXRC,de,Bot Check,Bot,
B00QO0ACWG,de,Bot Check,Bot,
B00QR0ZQRY,de,Bot Check,Bot,
B00QTKFZUA,de,Bot Check,Bot,
B00QYRIOJC,de,Bot Check,Bot,
B00R1M6JQE,de,'Samsung sm-g850fzbephe?¨C?Smartphone,Samsung,444.28
B00R4TCGLG,de,Bot Check,Bot,
B00R5W51SW,de,"Samsung Galaxy Note Edge Smartphone 5,6 Zoll frost",Samsung,
B00R7F79I2,de,LG Nexus 5?D821?32?GB 4?G,LGElectronics,
B00R8GKSJ2,de,Bot Check,Bot,
B00R8GKUVI,de,Bot Check,Bot,
B00R8GL53U,de,"Samsung Galaxy A5 Smartphone 12,7 cm champagne gold",Samsung,
B00R8GL6PC,de,"Samsung Galaxy A5 Smartphone 12,7 cm black",Samsung,324.04
B00R8GL8OQ,de,Bot Check,Bot,
B00RBQYO5I,de,Bot Check,Bot,
B00RD3WB0E,de,Bot Check,Bot,
B00RD3X8HO,de,Bot Check,Bot,
B00RDEZ1ZK,de,Bot Check,Bot,
B00RJ2V3SK,de,Bot Check,Bot,
B00RJMKH9Q,de,Bot Check,Bot,
B00RJMKHLE,de,Bot Check,Bot,
B00RJMKPNE,de,Bot Check,Bot,
B00RK8QA9A,de,Bot Check,Bot,
B00RLJAO4U,de,HTC 20,HTC,
B00RLJASP0,de,HTC 20,HTC,268.12
B00RLSAW8E,de,Bot Check,Bot,
B00RLSOWY4,de,Bot Check,Bot,
B00RLSWYRG,de,Thuraya XT-LITE mit NOVA SIM + 180 Einheiten Airtime Mit dem GTC,Thuraya,
B00RVATF44,de,Bot Check,Bot,
B00RW7HD1S,de,Bot Check,Bot,
B00RXX1L8C,de,"Inmarsat BGAN SIM-Karte 500 Einheiten Prepaid (55 MB *), g¨¹ltig f¨¹r 365 Tage",Inmarsat,
B00RXX76Q8,de,Bot Check,Bot,
B00RYDONEA,de,Blackberry Passport QWERTY Smartphone entsperrt,Blackberry,387.8
B00S16G7DO,de,Bot Check,Bot,
B00S2AIX0Y,de,Bot Check,Bot,
B00S68TSOW,de,Bot Check,Bot,
B00S83Y23C,de,Bot Check,Bot,
B00S9KECXE,de,Bot Check,Bot,
B00SAHNJHQ,de,Bot Check,Bot,
B00SBSDI5W,de,Bot Check,Bot,
B00SFZ1AE2,de,Bot Check,Bot,
B00SLLHRK6,de,Bot Check,Bot,
B00SLP2YIC,de,Bot Check,Bot,
B00SM3KOV2,de,Bot Check,Bot,
B00SOWA29U,de,Bot Check,Bot,
B00SRFNE8A,de,Bot Check,Bot,
B00SSVMK06,de,Bot Check,Bot,
B00STGCSAW,de,Bot Check,Bot,
B00SV5U59M,de,Bot Check,Bot,
B00T0UJDLS,de,"Apple iPhone 6S, 16 GB, 4.7 Zoll, Retina HD Display, 12",iPhone,
B00T1ECWJS,de,Bot Check,Bot,
B00T1X8SI8,de,Bot Check,Bot,
B00T8V0FUC,de,Bot Check,Bot,
B00TEOXUIM,de,Bot Check,Bot,
B00TFK5HFE,de,Bot Check,Bot,
B00TG25UOY,de,Bot Check,Bot,
B00TG25VNE,de,"Samsung Galaxy A7 Smartphone 5,5 Zoll midnight-black",Samsung,
B00TPNBH1E,de,Bot Check,Bot,
B00TPS0EMC,de,Bot Check,Bot,
B00TQQFG0I,de,Bot Check,Bot,
B00TU1HQY8,de,Bot Check,Bot,
B00TX24XJU,de,Bot Check,Bot,
B00TX24XO0,de,Bot Check,Bot,
B00TX5O8WE,de,Bot Check,Bot,
B00TX5OC5W,de,Bot Check,Bot,
B00TX5OFL8,de,Bot Check,Bot,
B00TX5OIZG,de,"Samsung Galaxy S6 Smartphone 12,9 cm blau",Samsung,407.99
B00TX5OOQ4,de,Bot Check,Bot,
B00TX5ORZC,de,"Samsung Galaxy S6 Smartphone 12,9 cm gold",Samsung,599.9
B00TX5OVJE,de,"Samsung Galaxy S6 Smartphone 12,9 cm blau",Samsung,565.41
B00TX5OZ6S,de,Bot Check,Bot,
B00TX5P2F6,de,"Samsung Galaxy S6 Smartphone 12,9 cm wei?",Samsung,
B00TX5P9YU,de,"Samsung Galaxy S6 Smartphone 12,9 cm blau",Samsung,
B00TX5PCX8,de,"Samsung Galaxy S6 Edge Smartphone 12,9 cm schwarz",Samsung,
B00TX5PG3E,de,Bot Check,Bot,
B00TX5PL52,de,Bot Check,Bot,
B00TX5POX6,de,Bot Check,Bot,
B00TX5PSBO,de,"Samsung Galaxy S6 Edge Smartphone 12,9 cm schwarz",Samsung,
B00TX5PVWA,de,Bot Check,Bot,
B00TX5PYT0,de,"Samsung Galaxy S6 Edge Smartphone 12,9 cm gold",Samsung,
B00TX5Q2HS,de,Bot Check,Bot,
B00TX5Q5J8,de,"Samsung Galaxy S6 Edge Smartphone 12,9 cm schwarz",Samsung,839.95
B00TX5QD3Q,de,"Samsung Galaxy S6 Edge Smartphone 12,9 cm gold",Samsung,883.11
B00TX5QJX0,de,Bot Check,Bot,
B00TX5QNTK,de,Bot Check,Bot,
B00TX5QRAA,de,Bot Check,Bot,
B00TX5SLB8,de,Bot Check,Bot,
B00TXQ671S,de,Bot Check,Bot,
B00TYDO8VG,de,Bot Check,Bot,
B00TYDPGEO,de,"Honeywell 60s, 2D, BT, WLAN, 3G (HSPA+), Num., GPS, Kit (USB) (60S-LEN-C111XE)",Honeywell,
B00TYDQHEC,de,Bot Check,Bot,
B00TYOCBHS,de,Bot Check,Bot,
B00U4X03VY,de,Bot Check,Bot,
B00U6383QO,de,Bot Check,Bot,
B00U63GOBK,de,Bot Check,Bot,
B00U6GXO1A,de,Bot Check,Bot,
B00U6GXPF0,de,Bot Check,Bot,
B00U6GXQNG,de,"Samsung Galaxy S6 Edge Smartphone 5,1 Zoll schwarz",Samsung,
B00U6GXRTO,de,Bot Check,Bot,
B00U6GXV2C,de,Bot Check,Bot,
B00U6GXW8A,de,Bot Check,Bot,
B00U6GXXI4,de,Bot Check,Bot,
B00U6GXYWE,de,"Samsung Galaxy S6 Edge Smartphone 5,1 Zoll gold",Samsung,
B00U6GY1FI,de,Bot Check,Bot,
B00U6GY2MA,de,Bot Check,Bot,
B00U6GY82E,de,Bot Check,Bot,
B00U6GY9GY,de,Bot Check,Bot,
B00U7IY0OW,de,Bot Check,Bot,
B00U7LRNVG,de,Bot Check,Bot,
B00U7QZAZM,de,Bot Check,Bot,
B00U8733R2,de,"Apple iPhone 6 Smartphone 11,9 cm grau",Apple,414.0
B00U8KSL3A,de,Bot Check,Bot,
B00U8KSNB0,de,Samsung SM-G925FZKAPHN - Galaxy S6 Edge G925F 32GB,Samsung,
B00U8KSPNG,de,Bot Check,Bot,
B00U8KSUIG,de,Bot Check,Bot,
B00U8PK3AE,de,Bot Check,Bot,
B00U8PK8NG,de,Bot Check,Bot,
B00U8PKHWS,de,"SAMSUNG SM-G925FZKAXEF Galaxy S6 Edge Smartphone 5,1",Samsung,454.9
B00U8PKN0Y,de,Bot Check,Bot,
B00U8PL19Q,de,Bot Check,Bot,
B00UA8JZA8,de,Bot Check,Bot,
B00UEMF1XK,de,Bot Check,Bot,
B00UFQK82Y,de,Bot Check,Bot,
B00UFWB0FW,de,Bot Check,Bot,
B00UJCNXSK,de,"LG G Flex2?Unlocked Smartphone 11,4?cm",LGElectronics,287.92
B00UJILMLE,de,Bot Check,Bot,
B00UJJAFFC,de,Bot Check,Bot,
B00UJLAM80,de,"LG G Flex 2 Smartphone UNLOCKED , 16 GBSpanien-import",LGElectronics,
B00UL11XRW,de,Bot Check,Bot,
B00UL11Y12,de,Bot Check,Bot,
B00UL5J32A,de,Bot Check,Bot,
B00ULDXY6S,de,Bot Check,Bot,
B00UNSR54S,de,Bot Check,Bot,
B00UNSR764,de,Bot Check,Bot,
B00UO8JFYU,de,Bot Check,Bot,
B00UP04GBO,de,Bot Check,Bot,
B00UPCKMNI,de,Samsung SM-G920FZKABTU - GALAXY S6 FLAT 32GB BLACK SIMFREE,Samsung,
B00UPCLELW,de,Bot Check,Bot,
B00URQMAX2,de,Bot Check,Bot,
B00UTYJXB4,de,Samsung Galaxy S6 edge SM-G925F 32GB 4G Black,Samsung,900.33
B00UVHOVLQ,de,Bot Check,Bot,
B00UVKH0RA,de,Bot Check,Bot,
B00UVKHPEI,de,Bot Check,Bot,
B00UVKHSR2,de,Bot Check,Bot,
B00UVKHV7O,de,Bot Check,Bot,
B00UVKI9JS,de,Bot Check,Bot,
B00UYD9Y3C,de,'Samsung Galaxy A3?4.5?zoll Smartphone,Samsung,
B00V0VUYCC,de,"Apple iPhone 6S 64 GB, 4.7 Zoll, Retina HD Display, 12",Apple,729.0
B00V3D191M,de,Bot Check,Bot,
B00V3RU1FI,de,Bot Check,Bot,
B00V3RU74I,de,Samsung sm-g925fzwevd2?Smartphone entsperrt Micro,Samsung,499.9
B00V4P5JKQ,de,Bot Check,Bot,
B00V4P9E1Q,de,Bot Check,Bot,
B00V71QV36,de,Huawei Y635 Smartphone 5 Zoll schwarz,HUAW5,138.45
B00V82Z2AW,de,Bot Check,Bot,
B00VFLQNQI,de,Bot Check,Bot,
B00VFMGN76,de,Bot Check,Bot,
B00VFNAL3M,de,Bot Check,Bot,
B00VFO3NEK,de,Bot Check,Bot,
B00VGOWF5M,de,Samsung G920F Galaxy S6 128GB Vodafone-Edition ohne Vertrag pearl-white,Samsung,
B00VH6E7FA,de,Bot Check,Bot,
B00VIQMPKI,de,Bot Check,Bot,
B00VIQN872,de,Bot Check,Bot,
B00VLSLEMS,de,Bot Check,Bot,
B00VLSLIZQ,de,Bot Check,Bot,
B00VLSLJLE,de,Asus ZenFone 2 Dual SIM - 32 GB - Grau,ASUSComputer,
B00VSWKLX0,de,Bot Check,Bot,
B00VUJCA0S,de,Bot Check,Bot,
B00VX6H620,de,"Samsung Galaxy S6 Smartphone 12,9 cm wei?, O2",TelefonicaO2Germany,449.9
B00VX6HC42,de,Samsung G925F Galaxy S6 Edge 64GB O2-Edition ohne,Samsung,
B00VXQXEDU,de,Bot Check,Bot,
B00VZWF3UE,de,Bot Check,Bot,
B00W1KH9TM,de,Bot Check,Bot,
B00W1KSGFI,de,Bot Check,Bot,
B00W1KSH02,de,Bot Check,Bot,
B00W1KY23I,de,Bot Check,Bot,
B00W3QO35M,de,Bot Check,Bot,
B00W4605GM,de,Bot Check,Bot,
B00W53WHFG,de,Bot Check,Bot,
B00W5Z4L9O,de,Bot Check,Bot,
B00W7VEUJC,de,Bot Check,Bot,
B00W7VEUL0,de,Bot Check,Bot,
B00W9QDRTO,de,Bot Check,Bot,
B00WGM3UFM,de,Bot Check,Bot,
B00WHEQ43O,de,Bot Check,Bot,
B00WI01V08,de,Bot Check,Bot,
B00WIYFBWI,de,Bot Check,Bot,
B00WIYFDU8,de,Bot Check,Bot,
B00WIYGXBG,de,Bot Check,Bot,
B00WIYH4L4,de,Bot Check,Bot,
B00WJE3B38,de,Bot Check,Bot,
B00WMPBRM6,de,Bot Check,Bot,
B00WNBNA74,de,Vodafone-Aktion Samsung Galaxy S6 EDGE 128GB weiss,Samsung,539.99
B00WPCARKE,de,Bot Check,Bot,
B00WRJ4UNK,de,Galaxy S6 64GB G920F gold platinum VODAFONE,Samsung,
B00WSC39LU,de,Bot Check,Bot,
B00WTOWHAQ,de,ASUS Zenfone 2?ZE551ML 4?G LTE Dual SIM,Asus,
B00WU79WRS,de,Bot Check,Bot,
B00WU79WVE,de,Bot Check,Bot,
B00WU79WYG,de,"LG G4 4G Smartphone, ohne SIM-Lock 14,0 cm",LGElectronics,416.9
B00WU79XW2,de,Bot Check,Bot,
B00WUZM5TW,de,Bot Check,Bot,
B00WXLHR6O,de,Bot Check,Bot,
B00WZ3853Y,de,Bot Check,Bot,
B00X5HT2UE,de,LG H815?G4?Red L Smartphone entsperrt,LGElectronics,374.91
B00X5HT3VW,de,"LG H815 G4 5.5"" 32GB RAM 3GB 4G LTE ITALIA",LGElectronics,
B00X5HT420,de,Bot Check,Bot,
B00X6AHNI8,de,o2-Aktion Samsung Galaxy S6 32GB gold,Samsung,
B00X6AJWMI,de,Galaxy S6 32GB G920F gold platinum VODAFONE,Samsung,389.0
B00X9WEPJ8,de,Bot Check,Bot,
B00X9WFGJ6,de,Bot Check,Bot,
B00XAA7DE8,de,Bot Check,Bot,
B00XAD2IC2,de,Thuraya XT Pro Satellitentelefon mit GPS,Thuraya,
B00XBO2EU6,de,Bot Check,Bot,
B00XBO30YK,de,Bot Check,Bot,
B00XBO34XW,de,Bot Check,Bot,
B00XHXVXQM,de,Bot Check,Bot,
B00XHY7004,de,Bot Check,Bot,
B00XHYJ2XW,de,Bot Check,Bot,
B00XJFAXOG,de,Bot Check,Bot,
B00XJKAIUK,de,Bot Check,Bot,
B00XJKAWCO,de,Bot Check,Bot,
B00XJKAZRG,de,Bot Check,Bot,
B00XJKB3O0,de,Bot Check,Bot,
B00XJKPB84,de,Bot Check,Bot,
B00XJQ48T6,de,Bot Check,Bot,
B00XKBWEHI,de,Bot Check,Bot,
B00XNAEWYY,de,Bot Check,Bot,
B00XNVQXR2,de,Bot Check,Bot,
B00XP3UCF2,de,Bot Check,Bot,
B00XQ2X9SO,de,Bot Check,Bot,
B00XVIXFYG,de,Bot Check,Bot,
B00XVKW1B2,de,BQ Aquaris E5?LTE Smartphone entsperrt 4?g,bq,201.31
B00XVKW2S4,de,Bot Check,Bot,
B00XVMAQF8,de,Bot Check,Bot,
B00XVMAQIA,de,Bot Check,Bot,
B00XVMAQZ8,de,Bot Check,Bot,
B00XVMARH0,de,Bot Check,Bot,
B00XWFRLTI,de,Bot Check,Bot,
B00XXPY6MC,de,Bot Check,Bot,
B00Y1BI0OC,de,Bot Check,Bot,
B00Y2DA8N0,de,Bot Check,Bot,
B00Y2ZP2XO,de,Bot Check,Bot,
B00YC6A5KS,de,Bot Check,Bot,
B00YEOXWX0,de,Bot Check,Bot,
B00YHDBFZK,de,Bot Check,Bot,
B00YJ5QIP8,de,Bot Check,Bot,
B00YTW2GA2,de,"Sony Xperia C4 Smartphone mit 5,5-Zoll-Display , Google",Sony,356.84
B00YTW2GI4,de,Sony Xperia C4 - 16 GB - Schwarz,Sony,
B00YTX1C3S,de,LG G4?Unlocked Smartphone braun,LGElectronics,479.02
B00YUKD3IC,de,Bot Check,Bot,
B00ZD1JLP6,de,Bot Check,Bot,
B00ZHICCMO,de,Bot Check,Bot,
B00ZQVUVUC,de,Bot Check,Bot,
B00ZRVIOJQ,de,Bot Check,Bot,
B00ZUC4DTC,de,Bot Check,Bot,
B00ZV8RWDY,de,Bot Check,Bot,
B00ZZAJHCW,de,Bot Check,Bot,
B010125RK4,de,"NOKIA N1 Tablet 7.9"" 2GB RAM + 32GB ROM Intel Atom Z3580 Quad Core SILVER",NOKIA,
B01015JA9U,de,Huawei P8?16?GB ITA Titanium Grey,Huawei,
B010EM8YF6,de,Bot Check,Bot,
B010FIBX0C,de,Bot Check,Bot,
B010FIBXV6,de,Sony Xperia Z3?Plus e6553?Unlocked Smartphone,Sony,624.06
B010FIBXWK,de,Bot Check,Bot,
B010FQYRLQ,de,Sonim XP7 / 7700 - Robustes Und Wasserdichtes Smartphone 4G LTE - Schwarz & Gelb,Sonim,
B010LYKSVU,de,Bot Check,Bot,
B010MFT198,de,"Alcatel Onetouch Idol 3 Smartphone 5,5 Zoll metallic",ALCATELONETOUCH,255.85
B010NM3XG2,de,Bot Check,Bot,
B010TR2HGI,de,Bot Check,Bot,
B010UJNFQG,de,Bot Check,Bot,
B010V44R3U,de,Sony Xperia Z3+ (E6533) 32GB Bluegreen - Dual SIM,Sony,
B010W018AS,de,Bot Check,Bot,
B010X2ZBQ2,de,Bot Check,Bot,
B0116CC7UQ,de,Bot Check,Bot,
B0116SC8L8,de,Bot Check,Bot,
B0117MNVIM,de,Iridium Lateinamerika 200 Pre-Paid Airtime Minuten / G¨¹ltigkeit von 180 Tagen Mit dem GTC,Iridium,
B0119SY4DU,de,Bot Check,Bot,
B011AABZ2K,de,"LG G4s Smartphone 5,2 Zoll titan",LGElectronics,
B011AE20SO,de,Bot Check,Bot,
B011ATP5YK,de,Bot Check,Bot,
B011E3OPFC,de,Bot Check,Bot,
B011IP4KK6,de,Bot Check,Bot,
B011IP4KKQ,de,Bot Check,Bot,
B011IP4L4G,de,Bot Check,Bot,
B011IP4LH8,de,Bot Check,Bot,
B011IP4ZJ2,de,Bot Check,Bot,
B011KQ78NO,de,Bot Check,Bot,
B011KRAMWM,de,Bot Check,Bot,
B011ZF6GQK,de,Bot Check,Bot,
B01200UCKU,de,Bot Check,Bot,
B01272AT7C,de,Bot Check,Bot,
B0129SOJUC,de,Bot Check,Bot,
B012A5CFCI,de,Bot Check,Bot,
B012CKVZ18,de,Bot Check,Bot,
B012IQOZ6S,de,"LG H525?G4?C Smartphone, 8?GB, Marke TIM",LGElectronics,236.34
B012IUC0NE,de,Bot Check,Bot,
B012NI1FHS,de,Bot Check,Bot,
B012NWI086,de,Bot Check,Bot,
B012TACMLS,de,Bot Check,Bot,
B012TAUW88,de,Bot Check,Bot,
B012TC5FRE,de,Bot Check,Bot,
B012WDFHJG,de,Bot Check,Bot,
B012YFW1DC,de,Bot Check,Bot,
B0131AFGTA,de,"CAT S40 Outdoor Smartphone 11,94 cm schwarz/silber",Caterpillar,
B0137J3AG6,de,Bot Check,Bot,
B0137U3GQE,de,Bot Check,Bot,
B013J6I4BS,de,Bot Check,Bot,
B013JRWUVC,de,Bot Check,Bot,
B013K0KS2Q,de,Bot Check,Bot,
B013OT0990,de,Bot Check,Bot,
B013OT0AU8,de,Bot Check,Bot,
B013OT0DVO,de,Bot Check,Bot,
B013P2KALI,de,Bot Check,Bot,
B013SR8W3I,de,Bot Check,Bot,
B013WAW5ZC,de,Bot Check,Bot,
B013WSM36A,de,Bot Check,Bot,
B013WSML9Y,de,Bot Check,Bot,
B013WSMOZA,de,Bot Check,Bot,
B013WSMY7S,de,"Sony Xperia Z5 Compact Smartphone 11,7 cm wei?",Sony,572.0
B013WSN2L0,de,Bot Check,Bot,
B013WSN738,de,"Sony Xperia Z5 Compact Smartphone 11,7 cm koralle",Sony,445.0
B013WU20OS,de,Bot Check,Bot,
B013X8XW3C,de,Bot Check,Bot,
B013XCERSC,de,"Samsung Galaxy S6 edge+ Smartphone 14,39 cm",Samsung,494.2
B013XCETCQ,de,"Samsung Galaxy S6 edge+ Smartphone 14,39 cm",Samsung,
B013XCEWKK,de,"Samsung Galaxy S6 edge+ Smartphone 14,39 cm",Samsung,588.0
B01410APKO,de,Bot Check,Bot,
B0141NXMU6,de,Bot Check,Bot,
B0142V2W4E,de,Bot Check,Bot,
B0142V2X8E,de,Bot Check,Bot,
B0142Y6JKE,de,Bot Check,Bot,
B0142Y6JT0,de,Bot Check,Bot,
B014466RMK,de,Bot Check,Bot,
B0145S2BMM,de,Bot Check,Bot,
B014699X62,de,"Moto X Style Smartphone 5,7 Zoll wei?",Lenovo,265.0
B014699X6M,de,Bot Check,Bot,
B014699X9O,de,Bot Check,Bot,
B01483WYBW,de,Bot Check,Bot,
B01483X0HY,de,Bot Check,Bot,
B01486B000,de,Bot Check,Bot,
B01486BJUQ,de,Samsung Galaxy S6 edge+ SM-G928F 64GB 4G Gold,Samsung,
B0148NYRH6,de,Bot Check,Bot,
B014F7H8ZS,de,Bot Check,Bot,
B014GBV7E6,de,Bot Check,Bot,
B014GG9EOQ,de,Bot Check,Bot,
B014HIA2E4,de,Samsung Galaxy Note 5 SM-N920C 32GB Black Single Sim (FACTORY UNLOCKED),Samsung,
B014HKMDDU,de,Bot Check,Bot,
B014J3HK88,de,Bot Check,Bot,
B014J4YEL8,de,Bot Check,Bot,
B014KHCDQM,de,Bot Check,Bot,
B014LNPB14,de,Bot Check,Bot,
B014PE3M0Q,de,Sony 1300-4623&nbsp;&ndash;&nbsp;Smartphone,Sony,408.85
B014PJVYAG,de,"MICROSOFT LUMIA 640 XL LTE DUAL SIM 5.7"" QUAD CORE",Microsoft,261.58
B014R5Q7VE,de,Bot Check,Bot,
B014R5QHEG,de,"Sony Xperia Z5 Premium Smartphone 13,8 cm gold",Sony,649.9
B014R5QIZO,de,Bot Check,Bot,
B014R5R9K2,de,"Sony Xperia Z5 Premium Smartphone 13,8 cm schwarz",Sony,566.82
B014RHZA7E,de,Bot Check,Bot,
B014RMHFAO,de,Bot Check,Bot,
B014RPIIPC,de,Bot Check,Bot,
B014U372QC,de,Bot Check,Bot,
B014UUQM52,de,"Wileyfox Storm 4G Dual-SIM Smartphone 13,97 cm",Wileyfox,
B014VZFYAK,de,Bot Check,Bot,
B014W29GW4,de,Sony Xperia Z5 Premium 32GB 4G,Sony,
B014WOKBBC,de,Bot Check,Bot,
B014X3455U,de,Sony Xperia Z5 Compact 32GB T-Mobile Edition schwarz,T-Mobile,
B014X34C44,de,Bot Check,Bot,
B0151PJWL6,de,"Acer Liquid Z330 Dual-SIM LTE Smartphone 4,5 Zoll",Acer,
B0151R0GBE,de,Bot Check,Bot,
B01521EEX0,de,Bot Check,Bot,
B01537RK84,de,Bot Check,Bot,
B01537YIY8,de,Bot Check,Bot,
B0153ISE6K,de,Bot Check,Bot,
B0153IXBFY,de,Bot Check,Bot,
B01540G87O,de,Bot Check,Bot,
B0154RBTZI,de,Samsung SM-G925FZWAXEO Smartphone f¨¹r Samsung,Samsung,529.0
B0154RC99I,de,Bot Check,Bot,
B0154YH8JM,de,Bot Check,Bot,
B0154YH8LA,de,Bot Check,Bot,
B0157D0XK6,de,Bot Check,Bot,
B0157D109Y,de,Bot Check,Bot,
B0158G830O,de,Bot Check,Bot,
B0158G9LN2,de,Bot Check,Bot,
B0158GW030,de,Bot Check,Bot,
B0158KTSEA,de,Bot Check,Bot,
B0158TUK3Y,de,Bot Check,Bot,
B0159B9C8A,de,Bot Check,Bot,
B0159B9IHA,de,'Lenovo Yoga 500?15?2.2?GHz,Lenovo,803.07
B015A0T2XU,de,Apple iPhone 6s 128GB Spacegrau,Apple,699.0
B015A0TEY2,de,"Apple iPhone 6s Smartphone 4,7 Zoll silver",Apple,717.0
B015A8MVXK,de,"Apple iPhone 6s Smartphone 4,7 Zoll grey",Apple,559.0
B015A9LZM2,de,Bot Check,Bot,
B015AADU10,de,Apple iPhone 6S 64GB Gold,Apple,691.0
B015AADV5U,de,"Apple iPhone 6S - Smartphone, MKQV2ZD/A",Apple,742.39
B015CGW38S,de,Bot Check,Bot,
B015CM170C,de,ToughGear? - Edge Smartphone 11.4 cm Schwarz,ToughGear?,
B015CMGGLM,de,Bot Check,Bot,
B015COHNEE,de,Bot Check,Bot,
B015COHQD2,de,"Apple iPhone 6s Plus Smartphone 5,5 Zoll rosegold",Apple,799.0
B015COHRM2,de,"Apple iPhone 6s Plus Smartphone 5,5 Zoll grey",Apple,857.8
B015COHTZM,de,"Apple iPhone 6s Smartphone 4,7 Zoll rosegold",Apple,675.0
B015COHU10,de,"Apple iPhone 6s Plus Smartphone 5,5 Zoll silver",Apple,793.01
B015COHVUU,de,"Apple iPhone 6s Plus Smartphone 5,5 Zoll gold",Apple,815.73
B015COHYWK,de,Apple iPhone 6s Plus 128GB Spacegrau (MKUE2ZD/A),Apple,
B015CSC2Y6,de,Bot Check,Bot,
B015CSC3J0,de,Bot Check,Bot,
B015CSC3NQ,de,Bot Check,Bot,
B015CSC3VS,de,Bot Check,Bot,
B015DRJJVK,de,Bot Check,Bot,
B015DSCJDY,de,Bot Check,Bot,
B015DSCJT8,de,Bot Check,Bot,
B015DTAGAQ,de,Xperia Z5,Sony,659.85
B015DTAGB0,de,Xperia Z5,Sony,419.89
B015E8U7Y6,de,"Apple iPhone 6S, ohne SIM-Lock, entsperrt",Apple,
B015ELYH1M,de,Bot Check,Bot,
B015EODSL4,de,"Apple iPhone 6s Plus Smartphone 5,5 Zoll grey",Apple,575.0
B015EOE13S,de,"Apple iPhone 6s Smartphone 4,7 Zoll rosegold",Apple,649.0
B015FPM7L4,de,Bot Check,Bot,
B015FPMT6M,de,Bot Check,Bot,
B015FPMZN4,de,Bot Check,Bot,
B015FRLJAC,de,Bot Check,Bot,
B015FY15QS,de,Bot Check,Bot,
B015FY1OX2,de,Bot Check,Bot,
B015FY23KK,de,Bot Check,Bot,
B015G1RUM8,de,Bot Check,Bot,
B015GGRVDQ,de,Bot Check,Bot,
B015GKRCC2,de,Bot Check,Bot,
B015GKS70I,de,Huawei GX 8 - Android - Single SIM - EDGE - GSM - GPRS - WCDMA - DC-HSPA+ - LTE - Micro-USB (51098638),Huawei,
B015OCVR6Y,de,'Huawei P8?Premium Smartphone 5.2? Gold,Huawei,501.76
B015PK3FQU,de,Bot Check,Bot,
B015PN6AOQ,de,Bot Check,Bot,
B015PN6NXY,de,SONY XPERIA Z5 BLACK,Sony,
B015PN6P3C,de,Bot Check,Bot,
B015QFFSAK,de,Bot Check,Bot,
B015QZBC14,de,Bot Check,Bot,
B015R3M88G,de,Bot Check,Bot,
B015R3M89A,de,Bot Check,Bot,
B015RIGYGI,de,Bot Check,Bot,
B015SJK6P6,de,Bot Check,Bot,
B015SJKU66,de,Bot Check,Bot,
B015ST7ZFK,de,Bot Check,Bot,
B015ST7ZGY,de,"Sony Xperia C5 Ultra Smartphone 4G, entsperrt, Display",Sony,
B015WNPXU6,de,Bot Check,Bot,
B015XLIWPU,de,'Hisense l671blanco?¨C?Mobiltelefon,'Hisense,
B015Y0CKKI,de,Bot Check,Bot,
B015Y52UU8,de,Bot Check,Bot,
B015Y5356Q,de,Bot Check,Bot,
B015Y5398A,de,Bot Check,Bot,
B015Y53D86,de,"Google Nexus 5X Smartphone 13,2 cm quarz",LGElectronics,293.0
B015YEE53E,de,Bot Check,Bot,
B015YTAZTM,de,'Lenovo ThinkPad X250?2.2?GHz,Lenovo,1198.14
B015Z2VFZ6,de,Bot Check,Bot,
B015ZLD5PU,de,Bot Check,Bot,
B015ZMW3PW,de,Bot Check,Bot,
B015ZMW6T0,de,Bot Check,Bot,
B0160ICENG,de,Bot Check,Bot,
B0161BT26O,de,SatSleeve Hotspot (Tragbarer Satelliten-Hotspot f¨¹r Smartphones),SatSleeve,
B0162X8WPS,de,Bot Check,Bot,
B01635HU6M,de,Bot Check,Bot,
B0164UTJMO,de,Bot Check,Bot,
B0169MLFVU,de,Bot Check,Bot,
B0169OSD8Q,de,Bot Check,Bot,
B0169SNI3C,de,Bot Check,Bot,
B016AAM51U,de,Bot Check,Bot,
B016AAM81M,de,"Microsoft Lumia 950 Smartphone 13,2 cm schwarz",Microsoft,349.97
B016AAM8C6,de,,,
B016AAM8M6,de,Bot Check,Bot,
B016AAM9VQ,de,Bot Check,Bot,
B016B7INC2,de,Bot Check,Bot,
B016C9XCKW,de,Bot Check,Bot,
B016DOKGWS,de,Bot Check,Bot,
B016DOKH54,de,Bot Check,Bot,
B016DOKH9K,de,BQ Aquaris M5.5 Smartphone schwarz,bq,328.21
B016E1830C,de,"Huawei ShotX Smartphone 13,2 cm Isle Blue",Huawei,239.9
B016E1856E,de,Bot Check,Bot,
B016EY4LL4,de,Bot Check,Bot,
B016K2TMK0,de,Bot Check,Bot,
B016KC8PBW,de,"Runbo F1, Rugged Outdoor Smartphone, 5,5 Zoll FHD",Runbo,
B016KHNOAY,de,Bot Check,Bot,
B016N0T23Q,de,Bot Check,Bot,
B016N0T2PY,de,Bot Check,Bot,
B016N0T2UY,de,Microsoft Lumia 950 XL Black,Microsoft,
B016N3U2NW,de,Bot Check,Bot,
B016NS6GM8,de,Bot Check,Bot,
B016ODYC6Y,de,"HUAWEI P8 MAX 6.8 ""Smartphone mit Hisilicon Kirin 935 Octa-Core 2,2 GHz-Prozessor. 3 GB RAM und 64 GB internen Speicher. 5Mpx Frontkamera und 13Mpx r¨¹ckseitige Kamera. 4G LTE FDD und Android 5.0. CHAMPAGNE",HUAWEI,
B016P4IES4,de,Bot Check,Bot,
B016W62SQO,de,Bot Check,Bot,
B016WEL10K,de,Bot Check,Bot,
B016XRBON0,de,Bot Check,Bot,
B016YAT0V4,de,Bot Check,Bot,
B016YRCR4E,de,Bot Check,Bot,
B016ZHG884,de,Bot Check,Bot,
B016ZRD1QG,de,Bot Check,Bot,
B0170S3HT0,de,"Apple iPhone 4 Smartphone (3,5 Zoll (8,9 cm) Touch-Display, 16 GB Speicher, iOS) WIT",Apple,
B0171F6D9S,de,HTC One A9 Smartphone 5 Zoll gold,HTC,311.0
B0171F6DKC,de,Bot Check,Bot,
B0171H8XM6,de,Bot Check,Bot,
B0171KE0I4,de,Bot Check,Bot,
B0171WW5S4,de,Bot Check,Bot,
B01725JYM0,de,Bot Check,Bot,
B01725JZW4,de,Bot Check,Bot,
B0172DR2TO,de,Bot Check,Bot,
B0173I4XGS,de,Bot Check,Bot,
B0173I64EW,de,Bot Check,Bot,
B01757AFT6,de,Bot Check,Bot,
B0177UJ54W,de,Bot Check,Bot,
B0177UR8QE,de,Bot Check,Bot,
B0177X8ZJA,de,Bot Check,Bot,
B0177XY5AI,de,Bot Check,Bot,
B0179IUFK0,de,,,
B017BN9WRU,de,OnePlus 2 Smartphone schwarz,ONEPLUS,
B017C04MDG,de,Bot Check,Bot,
B017CKHC74,de,"HUAWEI MATE S 5.5"" FHD QUAD CORE 32GB RAM 3GB 4G LTE TIM GREY",HUAWEI,
B017GUFXD0,de,Bot Check,Bot,
B017H6US8S,de,Bot Check,Bot,
B017IKL03A,de,Bot Check,Bot,
B017INPXJ4,de,Bot Check,Bot,
B017IOHGTI,de,Bot Check,Bot,
B017KTGB2E,de,Bot Check,Bot,
B017LHOCV2,de,Bot Check,Bot,
B017M5ATF6,de,Bot Check,Bot,
B017M7MCP4,de,Bot Check,Bot,
B017OHXHWE,de,BlackBerry Priv schwarz QWERTY EU,Blackberry,
B017OTNI4Y,de,Bot Check,Bot,
B017RTO2RS,de,Bot Check,Bot,
B017STY59W,de,"OnePlus X Onyx 5"" Zoll Smartphone (16GB Speicher, 3GB RAM, Qualcomm Snapdragon 800 Quad Core Prozessor, 13MP/8MP Kamera, OxygenOS) Schwarz",OnePlus,
B017SZB0QW,de,Lenovo ThinkPad T550,Lenovo,1588.5
B017T6WH9Y,de,'LG G4s Smartphone 5.2?,LGElectronics,
B017TBDVV2,de,Bot Check,Bot,
B017TLVR36,de,Bot Check,Bot,
B017UAMRZI,de,Bot Check,Bot,
B017UAP35E,de,Bot Check,Bot,
B017VXM19G,de,"Sony S70/1298-6449 Xperia Z5 Smartphone 5,2 Zoll gold",Sony,549.9
B017VXSS9I,de,Bot Check,Bot,
B017W1C0T8,de,Sony Xperia Z5 Premium E6883 Dual 4G 32GB Speicher Gold (UNLOCKED),Sony,
B017WTYBUQ,de,Bot Check,Bot,
B017WTYERG,de,Bot Check,Bot,
B017WTYFV6,de,Bot Check,Bot,
B017XE0J8I,de,"Apple iPhone 6s Plus 128GB Space Gr, MKUD2ZD/A",Apple,789.0
B017XMWWB2,de,Bot Check,Bot,
B017XOQ7I4,de,Bot Check,Bot,
B017XOUVYA,de,Bot Check,Bot,
B017XOV3NI,de,Bot Check,Bot,
B017XOV4VY,de,Bot Check,Bot,
B017YDXUQG,de,Bot Check,Bot,
B017YNC5QW,de,Bot Check,Bot,
B0183PU3A0,de,Bot Check,Bot,
B0184B3ZZS,de,SPOT Global Satellite Phone Handset,SPOT,
B0185ML7B0,de,Bot Check,Bot,
B0185QMZ0S,de,Bot Check,Bot,
B0185SMOCK,de,Bot Check,Bot,
B0186EU1MS,de,Bot Check,Bot,
B0186EU4UM,de,Bot Check,Bot,
B01878DW0G,de,Bot Check,Bot,
B01878M1U8,de,Bot Check,Bot,
B0188HX91I,de,Bot Check,Bot,
B0189KQ916,de,Bot Check,Bot,
B018AJIHCK,de,Bot Check,Bot,
B018BW5H38,de,Bot Check,Bot,
B018EGU1JQ,de,Bot Check,Bot,
B018ER1888,de,Bot Check,Bot,
B018ESHX4A,de,Bot Check,Bot,
B018FV5RA8,de,Bot Check,Bot,
B018GU5YAQ,de,Bot Check,Bot,
B018O2APCI,de,"Huawei P8 GRA-L09-4G - Smartphone Movistar Entriegelt (13,21 cm (5.2 ""), 1920 x 1080 Pixel, IPS, 2 GHz, Hallo-Silicon, Kirin 930), Farbe Titangrau",Huawei,
B018RVE8AQ,de,Bot Check,Bot,
B018SBTJMW,de,Bot Check,Bot,
B018SBWBD6,de,Bot Check,Bot,
B018WFZ1NU,de,Bot Check,Bot,
B018WFZ4J6,de,"Samsung Galaxy A3 Smartphone 12,04 cm gold",Samsung,199.0
B018XRCXTW,de,"Motorola Moto X Force Smartphone mit 13,7?cm",Motorola,
B018ZG9OQ6,de,Huawei Mate S,Huawei,341.92
B0193CF118,de,Bot Check,Bot,
B0193J5XIC,de,Bot Check,Bot,
B01957IZ3M,de,Bot Check,Bot,
B0196LSAI2,de,Bot Check,Bot,
B0196U6BES,de,Bot Check,Bot,
B0198JBGWO,de,Bot Check,Bot,
B0198X311E,de,Bot Check,Bot,
B0198X32I6,de,Bot Check,Bot,
B0199T0K4S,de,Bot Check,Bot,
B019C0ZQWA,de,"Google Nexus smartphone 6P H1512 (5.7 inches (14.5 cm) touch screen, 32 GB of internal memory, Android 6.0) Aluminium",Google,
B019CEFW2K,de,Bot Check,Bot,
B019DV8VOS,de,Bot Check,Bot,
B019F88UZ4,de,Bot Check,Bot,
B019FYHB5I,de,Bot Check,Bot,
B019IRD3M2,de,Bot Check,Bot,
B019L30AZ6,de,"Conquest S6?Pro Rugged Smartphone?¨C?CPU MTK8752?Octa Core 3?GB-Ram, 4?g, IP68, 5?Zoll HD Bildschirm, Android 5.1, 32?GB-Speicher (schwarz)",Conquest,
B019M0EJO6,de,Bot Check,Bot,
B019M0IPYG,de,Bot Check,Bot,
B019P8F3EU,de,Motorola Moto X Force Smartphone mit R¨¹ckseite,Lenovo,360.0
B019U0ML02,de,Bot Check,Bot,
B019XRYANS,de,Bot Check,Bot,
B019XSPXVA,de,Bot Check,Bot,
B019YDADSM,de,Bot Check,Bot,
B01A3IWWUE,de,Bot Check,Bot,
B01A6WMEWI,de,"Allview P8 Energy (Gold) 4G Dual SIM 6000mAh 5,5"" AMOLED 13Mpx",Allview,
B01A6ZIK0A,de,Bot Check,Bot,
B01AD69KPG,de,"Samsung Galaxy A5 (2016) SM-A510F 16GB 4G Gold - Smartphones (Android, Single SIM, NanoSIM, GSM, HSPA, LTE)",Samsung,
B01AEKODXU,de,TELEFONO SAMSUNG A310?Black sma310fzkaitv,Samsung,231.42
B01AEKOF8S,de,Bot Check,Bot,
B01AEKOHUE,de,Bot Check,Bot,
B01AEKOJ3E,de,Bot Check,Bot,
B01AIT34LY,de,Bot Check,Bot,
B01ALBSB3A,de,Bot Check,Bot,
B01ALBSB6M,de,Bot Check,Bot,
B01ALBSB7Q,de,Bot Check,Bot,
B01ALCMLI0,de,Bot Check,Bot,
B01ALCMLMG,de,Bot Check,Bot,
B01AO0SW9G,de,Bot Check,Bot,
B01AO6OEZG,de,"Huawei GR3 Smartphone 12,7 cm silber",Huawei,
B01AO6ONAC,de,Bot Check,Bot,
B01ARH3FHK,de,Bot Check,Bot,
B01ARH3QRE,de,Bot Check,Bot,
B01ARHKIO8,de,Honor 5X Smartphone 14 cm silber,Honor,169.0
B01AS11BUI,de,Bot Check,Bot,
B01ASB48QC,de,Bot Check,Bot,
B01AUM6WB8,de,Bot Check,Bot,
B01AWKMUOG,de,Bot Check,Bot,
B01AWZI4MI,de,Samsung Galaxy A3 (2016) - Android Smartphone - 4G LTE - 16 GB - microSDXC slot - GSM,Samsung,
B01AZEPWXA,de,Bot Check,Bot,
B01AZS9ZCU,de,SMARTP.5.5 1.5GHZ 2GB 16GB DSIM ZENF.SELFIE NERO,ASUSComputer,204.0
B01AZSA056,de,Bot Check,Bot,
B01B01MWJE,de,LG G4s H735 8GB 4G Wei?,LGElectronics,227.88
B01B1UEMII,de,Bot Check,Bot,
B01B1YOEMS,de,Bot Check,Bot,
B01B1YOG26,de,'Samsung sm-a510fzwaphe 5?¨C?Smartphone,Samsung,262.85
B01B1YOIE2,de,Bot Check,Bot,
B01B1YOKIQ,de,Bot Check,Bot,
B01B1YOMRK,de,Samsung Galaxy A3?16?GB A310?F NFC LTE,Samsung,
B01B2G6RV6,de,Bot Check,Bot,
B01B2WCI68,de,Bot Check,Bot,
B01B5NZCTY,de,Bot Check,Bot,
B01B6BS5AS,de,Bot Check,Bot,
B01B6BS5MG,de,Bot Check,Bot,
B01B7C9YJC,de,Bot Check,Bot,
B01B7CA1H6,de,BQ Aquaris X5?Smartphone entsperrt 4?g,bq,237.9
B01B7PKJKW,de,Bot Check,Bot,
B01B83T058,de,Bot Check,Bot,
B01B9QSXXY,de,Bot Check,Bot,
B01BBYQPG6,de,Bot Check,Bot,
B01BCMKBZI,de,Bot Check,Bot,
B01BCMKEXW,de,Bot Check,Bot,
B01BD2HDGW,de,Huawei P8 - ws,Huawei,
B01BDVMBTM,de,"Sony Xperia Z5 Smartphone 13,2 cm gold",XperiaZ,425.0
B01BF704JS,de,Bot Check,Bot,
B01BFBO6QQ,de,Bot Check,Bot,
B01BGMMSO6,de,Bot Check,Bot,
B01BI1EG4A,de,Bot Check,Bot,
B01BI1EJWY,de,Bot Check,Bot,
B01BI1EM1M,de,"R&uuml;ckseite/Backcover, f&uuml;r Apple iPhone",iPhone,
B01BIDVL28,de,Bot Check,Bot,
B01BK7RBOE,de,Bot Check,Bot,
B01BLV6GM2,de,Bot Check,Bot,
B01BLVBL7W,de,Bot Check,Bot,
B01BNPYFLK,de,Bot Check,Bot,
B01BNPYTSO,de,Bot Check,Bot,
B01BRUK5A6,de,Bot Check,Bot,
B01BRUWS1U,de,Bot Check,Bot,
B01BTTKHJE,de,Bot Check,Bot,
B01BTVASIM,de,Bot Check,Bot,
B01BTZFPKO,de,Bot Check,Bot,
B01BTZFQX0,de,Bot Check,Bot,
B01BTZFU2C,de,"Samsung Galaxy S7 EDGE Smartphone 13,9 cm wei?",Samsung,535.0
B01BTZLNBO,de,Bot Check,Bot,
B01BU2956Q,de,Bot Check,Bot,
B01BU29CB4,de,Bot Check,Bot,
B01BU29HWI,de,Bot Check,Bot,
B01BU29K5W,de,Bot Check,Bot,
B01BU29N36,de,Bot Check,Bot,
B01BU29Q0Q,de,Bot Check,Bot,
B01BU29SI6,de,Bot Check,Bot,
B01BU29V4W,de,Bot Check,Bot,
B01BUTA61W,de,Fujitsu LifeBook A556?Laptops,Fujitsu,
B01BUWP164,de,Bot Check,Bot,
B01BVV6WA8,de,Bot Check,Bot,
B01BWMXTUC,de,Bot Check,Bot,
B01BWV9A42,de,Samsung Galaxy S7 Smartphone 5.1 Zoll schwarz,Samsung,527.54
B01BWVLZ04,de,Bot Check,Bot,
B01BWVW044,de,Bot Check,Bot,
B01BWVXB9C,de,Bot Check,Bot,
B01BWWGLBQ,de,Bot Check,Bot,
B01BY4Y9LQ,de,Bot Check,Bot,
B01BY6B6BA,de,Bot Check,Bot,
B01BYD0TZM,de,Bot Check,Bot,
B01BYD0ZRO,de,Bot Check,Bot,
B01BYD12VC,de,Bot Check,Bot,
B01BYD17WQ,de,Bot Check,Bot,
B01BYD1AG4,de,Bot Check,Bot,
B01BYTUYTM,de,Bot Check,Bot,
B01BZUROQQ,de,3D Video Glasses,Sconosciuto,
B01C1ZV5KK,de,Bot Check,Bot,
B01C1ZV9ZG,de,Bot Check,Bot,
B01C38W1T4,de,TELEKOM Samsung Galaxy S7 Edge 32GB silber (P),TELEKOM,
B01C3906TA,de,Bot Check,Bot,
B01C3908A2,de,Bot Check,Bot,
B01C42GJQK,de,Bot Check,Bot,
B01C4BIYZ0,de,Fujitsu LifeBook A556?Laptops,Fujitsu,
B01C4O8M90,de,Bot Check,Bot,
B01C4O8MRC,de,Bot Check,Bot,
B01C5OIIAW,de,Bot Check,Bot,
B01C5OIIF2,de,Bot Check,Bot,
B01C7A8C5K,de,BQ Aquaris X5?Smartphone entsperrt 4?g,bq,
B01C7A8JM6,de,Microsoft A00024357 Lumia 640 Smartphone 5 Zoll schwarz,Microsoft,278.81
B01C7AQFM2,de,Bot Check,Bot,
B01C912JII,de,Bot Check,Bot,
B01CD48XUE,de,Bot Check,Bot,
B01CD48XWM,de,Bot Check,Bot,
B01CD48YE4,de,ASUS Zenfone 2?Smartphone entsperrt 4?g,ASUSComputer,309.26
B01CD491QE,de,ASUS Zenfone Zoom Smartphone entsperrt 4?g,ASUSComputer,333.55
B01CDZYXYI,de,Bot Check,Bot,
B01CJU8FV4,de,Smartphone Samsung Galaxy S7 gold-platinum,Smartphone,
B01CJU9MJI,de,Bot Check,Bot,
B01CJU9V62,de,Bot Check,Bot,
B01CKP3ZL8,de,Bot Check,Bot,
B01CNC2FD2,de,Bot Check,Bot,
B01CNPU9RI,de,Bot Check,Bot,
B01CO38TX0,de,Bot Check,Bot,
B01CO6FP8E,de,Bot Check,Bot,
B01CO6FZ34,de,Bot Check,Bot,
B01CO6HGDG,de,Bot Check,Bot,
B01CO6HM1W,de,Bot Check,Bot,
B01COVAXNG,de,Bot Check,Bot,
B01CP4A8NM,de,Bot Check,Bot,
B01CP4A8RS,de,Bot Check,Bot,
B01CP4A8TG,de,"Asus ZenFone 2 Laser ZE500KL Smartphone 5,0 Zoll gold",ASUSComputer,
B01CP4ACNI,de,Bot Check,Bot,
B01CP4ACVA,de,Bot Check,Bot,
B01CP4OGY4,de,Bot Check,Bot,
B01CPIGRNI,de,Bot Check,Bot,
B01CS8I454,de,Bot Check,Bot,
B01CS8I4F4,de,Bot Check,Bot,
B01CSAMPEI,de,Bot Check,Bot,
B01CSAMQ7O,de,Huawei Mate 8 Smartphone 6 Zoll silber,Huawei,612.47
B01CSAMXLI,de,Bot Check,Bot,
B01CSAMXOA,de,Bot Check,Bot,
B01CSAMXPO,de,Bot Check,Bot,
B01CSG75DI,de,Bot Check,Bot,
B01CT6Q628,de,Bot Check,Bot,
B01CT6SO7I,de,Bot Check,Bot,
B01CT6SOF0,de,Bot Check,Bot,
B01CTVBGH8,de,Bot Check,Bot,
B01CU22HRY,de,Bot Check,Bot,
B01CU22RL0,de,Bot Check,Bot,
B01CVMURA2,de,Bot Check,Bot,
B01CZXW4NK,de,Bot Check,Bot,
B01CZXZZMM,de,Bot Check,Bot,
B01D0HSYYI,de,Bot Check,Bot,
B01D0HT1NG,de,Bot Check,Bot,
B01D12FOYA,de,"Elephone P9000 4G LTE Smartphone - Android 6.0 (5,5 Zoll 1.6mm Ultra Narrow OGS-Bildschirm, Fingerabdruck Unlock) Octa-Core MTK6755 2.0GHz 4GB RAM 32GB ROM, 8MP 13MP Doppelkameras, Typ-C, 5G WIFI",Elephone,
B01D1E9DKE,de,Bot Check,Bot,
B01D1YXBGG,de,Bot Check,Bot,
B01D3RPUJ2,de,HTC Desire 530?Handy entsperrt 4?g,HTC,
B01D5ZVO2O,de,Bot Check,Bot,
B01D5ZVO9C,de,Bot Check,Bot,
B01D9GSZMQ,de,Bot Check,Bot,
B01DB50WHG,de,Bot Check,Bot,
B01DBDXP40,de,Bot Check,Bot,
B01DCHROHO,de,Bot Check,Bot,
B01DCOZ0QO,de,G935?S7?Samsung Galaxy Edge Smartphone,Samsung,684.5
B01DD8LOEQ,de,Bot Check,Bot,
B01DD8LOKU,de,Bot Check,Bot,
B01DD8LOM8,de,Bot Check,Bot,
B01DDP7YDE,de,Bot Check,Bot,
B01DF1Z67M,de,,,
B01DF1ZVIG,de,Bot Check,Bot,
B01DF2021G,de,Bot Check,Bot,
B01DF20J78,de,Bot Check,Bot,
B01DF22OSU,de,Bot Check,Bot,
B01DGQ7Y0I,de,Bot Check,Bot,
B01DJ54256,de,"Microsoft Lumia 650&nbsp; Smartphone, entsperrt",Microsoft,216.53
B01DN6MVWW,de,Bot Check,Bot,
B01DNRSG8E,de,Bot Check,Bot,
B01DNUDMYO,de,Bot Check,Bot,
B01DNUDNAM,de,Bot Check,Bot,
B01DO25BG8,de,Bot Check,Bot,
B01DO2MLL6,de,Bot Check,Bot,
B01DO2NKPC,de,HTC ONE M10 SIMFREE GREY,HTC,
B01DO2XI2M,de,Bot Check,Bot,
B01DO6TKZW,de,Bot Check,Bot,
B01DOYLAN4,de,Bot Check,Bot,
B01DQFCEUY,de,Bot Check,Bot,
B01DT1R824,de,Bot Check,Bot,
B01DT4MTCA,de,Bot Check,Bot,
B01DUAM7PC,de,Bot Check,Bot,
B01DUIQI3G,de,Bot Check,Bot,
B01DVQB7J2,de,Bot Check,Bot,
B01DVQB8QE,de,,,
B01DW1MKGU,de,Bot Check,Bot,
B01DWEG21G,de,"Huawei P9 Plus Smartphone 5,5 Zoll grau",Huawei,512.0
B01DY52ELK,de,Bot Check,Bot,
B01DYN5N06,de,Bot Check,Bot,
B01DYN5NSS,de,Bot Check,Bot,
B01DZOAWMI,de,Bot Check,Bot,
B01DZZZK1K,de,Bot Check,Bot,
B01E0CTM66,de,Huawei P9 Smartphone grau,Huawei,505.9
B01E1QP8NM,de,Bot Check,Bot,
B01E1QUFBM,de,Bot Check,Bot,
B01E4UW45K,de,Bot Check,Bot,
B01E55KBKO,de,Bot Check,Bot,
B01E55KCBW,de,Bot Check,Bot,
B01E55KCPI,de,Bot Check,Bot,
B01E55KE38,de,Bot Check,Bot,
B01E5SCJNI,de,Bot Check,Bot,
B01E5SCKKU,de,Bot Check,Bot,
B01E610EB8,de,Bot Check,Bot,
B01EA1VI6Y,de,Huawei P9 Smartphone grau,Huawei,455.99
B01EALO8NY,de,Bot Check,Bot,
B01EALVJPE,de,Bot Check,Bot,
B01EAMLRRI,de,Bot Check,Bot,
B01EB2QCG8,de,Bot Check,Bot,
B01EBDLLIG,de,Bot Check,Bot,
B01EC6G1QO,de,Bot Check,Bot,
B01EC6G1SM,de,Bot Check,Bot,
B01EC6G25E,de,Bot Check,Bot,
B01ECFI15O,de,Bot Check,Bot,
B01EFFLLNU,de,RugGear RG730 Dual-SIM black,Ruggear,471.0
B01EFZN156,de,Bot Check,Bot,
B01EFZN1EM,de,Bot Check,Bot,
B01EG6PGTS,de,Bot Check,Bot,
B01EGCN3VK,de,Bot Check,Bot,
B01EHM5NJE,de,Bot Check,Bot,
B01EI805CW,de,Bot Check,Bot,
B01EI81S3M,de,Bot Check,Bot,
B01EJ98HDY,de,,,
B01EJ9NOE6,de,Elephone P9000 Handy 5.5-Zoll MTK6755 Helio P10 2.0GHz,Ele,209.99
B01EKHFND2,de,Bot Check,Bot,
B01EL8E7R8,de,Bot Check,Bot,
B01ELJFWLW,de,Bot Check,Bot,
B01ELJFZMI,de,Huawei P9 lite Smartphone wei?,Huawei,229.0
B01ELJG62Q,de,Bot Check,Bot,
B01EM0ZN6E,de,Bot Check,Bot,
B01ERY7UZC,de,Bot Check,Bot,
B01ET9PX04,de,Bot Check,Bot,
B01ET9PX54,de,Bot Check,Bot,
B01EU7GH6E,de,Bot Check,Bot,
B01EVP8UHY,de,Bot Check,Bot,
B01EVP8VBE,de,Bot Check,Bot,
B01EVP8W1S,de,Bot Check,Bot,
B01EWOUMT8,de,Bot Check,Bot,
B01EY5PTIE,de,Bot Check,Bot,
B01EYJY01C,de,Bot Check,Bot,
B01EYN4U3G,de,Bot Check,Bot,
B01EYN4U54,de,Bot Check,Bot,
B01EYN4UEU,de,Bot Check,Bot,
B01EYQ6W7K,de,Bot Check,Bot,
B01EZTDBU2,de,Bot Check,Bot,
B01EZTSTKO,de,Bot Check,Bot,
B01F2F5T3A,de,Sony XPERIA X - Android Smartphone - 4G LTE - 32 GB - microSDXC slot - GSM,Sony,
B01F2HTKA6,de,Bot Check,Bot,
B01F3TU9T4,de,Bot Check,Bot,
B01F3TUA2K,de,Bot Check,Bot,
B01F558J5M,de,Huawei GR3?16?GB ?¨C?Europ?ische,Huawei,229.9
B01F56AVHU,de,Bot Check,Bot,
B01F7K0BHO,de,Bot Check,Bot,
B01F8UDVSY,de,Bot Check,Bot,
B01FANISFA,de,Bot Check,Bot,
B01FAQDEJW,de,Bot Check,Bot,
B01FAQDEOW,de,Bot Check,Bot,
B01FEUT68C,de,Bot Check,Bot,
B01FFM09AI,de,"CAT 77333 S60 Outdoor Smartphone 4,7 Zoll schwarz",Caterpillar,539.0
B01FFV2RYA,de,Bot Check,Bot,
B01FGVDOX2,de,Bot Check,Bot,
B01FHSF04U,de,Bot Check,Bot,
B01FHSF3O2,de,Bot Check,Bot,
B01FJYFT5C,de,Bot Check,Bot,
B01FK3FGK0,de,Bot Check,Bot,
B01FK3FHDQ,de,Bot Check,Bot,
B01FK973GY,de,Komu K80?4?GB-Ram und 32?GB ROM 4?G,Komu,
B01FKAI1TQ,de,Bot Check,Bot,
B01FLZC8ZI,de,Bot Check,Bot,
B01FLZC9Y8,de,Bot Check,Bot,
B01FLZCB28,de,Bot Check,Bot,
B01FMABXS0,de,Bot Check,Bot,
B01FMAC7QC,de,Bot Check,Bot,
B01FMACAB4,de,Sony Xperia X Smartphone,Sony,
B01FMCGRXY,de,"Lenovo Moto G4 Plus Smartphone 5,5 Zoll wei?",Lenovo,222.9
B01FMCGS8I,de,Bot Check,Bot,
B01FMCGSCY,de,Bot Check,Bot,
B01FPJUJ2Y,de,Bot Check,Bot,
B01FQXFH94,de,Bot Check,Bot,
B01FR30WVQ,de,Bot Check,Bot,
B01FSIS9Y2,de,Bot Check,Bot,
B01FSZFQ46,de,Bot Check,Bot,
B01FV3YJ16,de,Bot Check,Bot,
B01FVZYKA4,de,Bot Check,Bot,
B01FVZYKE0,de,Bot Check,Bot,
B01FWJWIJ4,de,Bot Check,Bot,
B01FWKLT0C,de,Bot Check,Bot,
B01FXGS8KO,de,Sony Xperia X Smartphone,Sony,500.81
B01FXGS9SK,de,Sony Xperia X Smartphone,Sony,476.18
B01FXGSA6Q,de,Sony Xperia X Smartphone,Sony,624.03
B01FXGSI86,de,Bot Check,Bot,
B01G0D18ZG,de,Bot Check,Bot,
B01G1IKV44,de,Bot Check,Bot,
B01G1JZM42,de,Bot Check,Bot,
B01G1K76MC,de,Bot Check,Bot,
B01G1KFJ2G,de,Bot Check,Bot,
B01G1KJZHG,de,Bot Check,Bot,
B01G1KN4DW,de,Bot Check,Bot,
B01G3341WA,de,Samsung S7,Samsung,650.88
B01G334238,de,Bot Check,Bot,
B01G3T7K40,de,Bot Check,Bot,
B01G3VQ0LW,de,Bot Check,Bot,
B01G42LPBA,de,Huawei P9 lite Smartphone schwarz,Huawei,225.0
B01G42RNZC,de,Bot Check,Bot,
B01G461JHQ,de,Bot Check,Bot,
B01G461JX0,de,Bot Check,Bot,
B01G4ZHG5G,de,Huawei P9 lite Smartphone wei?,Huawei,219.9
B01G6AB83U,de,Bot Check,Bot,
B01G8CYI60,de,Bot Check,Bot,
B01G8CYIHY,de,Bot Check,Bot,
B01G8CYXGA,de,Bot Check,Bot,
B01G8CYYC8,de,Bot Check,Bot,
B01GA4L03K,de,Bot Check,Bot,
B01GA4LONG,de,Bot Check,Bot,
B01GA4NII0,de,Bot Check,Bot,
B01GA4TEIS,de,Bot Check,Bot,
B01GCSQ2AK,de,Bot Check,Bot,
B01GCSQ2BY,de,Bot Check,Bot,
B01GCSQ2Q4,de,Sony 1303-0334 Xperia XA Dual-SIM Smartphone 5 Zoll,Sony,263.28
B01GE9HZ1C,de,Bot Check,Bot,
B01GEVYNT2,de,Bot Check,Bot,
B01GFP8MY4,de,Bot Check,Bot,
B01GGKM3P2,de,Bot Check,Bot,
B01GHJKW8W,de,Bot Check,Bot,
B01GHJKWHI,de,Bot Check,Bot,
B01GHJKXYU,de,Bot Check,Bot,
B01GI01YBO,de,Bot Check,Bot,
B01GIK2S2I,de,"Samsung Galaxy S7 EDGE Smartphone 13,9 cm pink",Samsung,597.9
B01GILBQ5W,de,TELEFONO SAMSUNG GALAXY J5 2016 NEGRO - #1933,Samsung,254.71
B01GILEHV2,de,Bot Check,Bot,
B01GJZEDVG,de,Bot Check,Bot,
B01GKMYT7Q,de,Bot Check,Bot,
B01GLW6GDU,de,Bot Check,Bot,
B01GLW75LW,de,"Sony Xperia X F5122 DUAL SIM 5.0"" 23MP 64GB Smartphone - International Version / No Warranty (BLACK)",Sony,
B01GLW99PM,de,Bot Check,Bot,
B01GLWFG0Y,de,Bot Check,Bot,
B01GLWHJM2,de,Bot Check,Bot,
B01GNW9Z9K,de,Bot Check,Bot,
B01GPXP1FO,de,Bot Check,Bot,
B01GQ3ICHC,de,Bot Check,Bot,
B01GQ3YYVK,de,Bot Check,Bot,
B01GQITYE2,de,Bot Check,Bot,
B01GQK9G4I,de,Bot Check,Bot,
B01GQKC46U,de,Bot Check,Bot,
B01GQN8HWC,de,LCD-Display mit Touchscreen-Display Samsung sm-n915fy,Mobiletechfr,
B01GRF5632,de,Bot Check,Bot,
B01GRF5AGU,de,SONY XPERIA XA LIME GOLD,Sony,240.35
B01GS1GBA2,de,Bot Check,Bot,
B01GS75AYE,de,Bot Check,Bot,
B01GSGZJ8W,de,Bot Check,Bot,
B01GTM1GCI,de,Bot Check,Bot,
B01GTM1GJQ,de,Bot Check,Bot,
B01GTM1GOQ,de,Bot Check,Bot,
B01GTOMDIC,de,Bot Check,Bot,
B01GTONN2W,de,"Honor 5C Smartphone 5,2 Zoll silber",Honor,175.0
B01GVCWNX2,de,Caterpillar CAT S60 schwarz,Caterpillar,638.62
B01GXHS4J2,de,Meizu PRO6 FHD 4G 5.2\'\' 64GB RAM 4GB Oro Rosa,Meizu,
B01GZ1YE0Y,de,Bot Check,Bot,
B01GZXIHOQ,de,Bot Check,Bot,
B01GZZKDHI,de,Bot Check,Bot,
B01H0NSLPU,de,Bot Check,Bot,
B01H1H5O82,de,"Samsung Galaxy S7 SM-G930F Smartphone (13 cm (5,1 Zoll, Android), 32GB, Android) schwarz",Samsung,
B01H1H5O9Q,de,Bot Check,Bot,
B01H1Q52S0,de,"CHUWI Hi10 10.1"" Tablet PC Windows10+Android 5.1 IPS 1920*1200 Screen 4GB+64GB Intel Cherry Trail Z8300 Quad Core 1.84GHz HDMI WiFi Bluetooth",CHUWI,
B01H37UE76,de,Bot Check,Bot,
B01H3F0ZZ4,de,Bot Check,Bot,
B01H3F9NZC,de,Bot Check,Bot,
B01H3QOW8O,de,Bot Check,Bot,
B01H46BVQ4,de,Bot Check,Bot,
B01H57ZED8,de,Bot Check,Bot,
B01H5KAR5K,de,OnePlus 3 Smartphone,OnePlus,
B01H5OXY8S,de,Block komplett Display,Mobiletechfr,230.29
B01H7LF112,de,"Samsung Galaxy S7, 32GB, gold",Samsung,
B01HE0RFAQ,de,Bot Check,Bot,
B01HFB4UZ2,de,Bot Check,Bot,
B01HFGC9N2,de,Bot Check,Bot,
B01HGJ628Q,de,Bot Check,Bot,
B01HHYNPJO,de,Oneplus 3 MSM8996 6+64GB 5.5inch Grey,Oneplus,
B01HI8UHNQ,de,Bot Check,Bot,
B01HI8UP9M,de,Bot Check,Bot,
B01HIICXK6,de,Bot Check,Bot,
B01HJ5ITH4,de,Bot Check,Bot,
B01HJG73MU,de,Bot Check,Bot,
B01HL824KC,de,Bot Check,Bot,
B01HM8FGWE,de,Bot Check,Bot,
B01HO2K4HU,de,Bot Check,Bot,
B01HO3I4FI,de,Bot Check,Bot,
B01HODKYDI,de,Bot Check,Bot,
B01HP1537G,de,Huawei P9 Smartphone gold,Huawei,461.97
B01HP227F6,de,Bot Check,Bot,
B01HQ2FVQC,de,Bot Check,Bot,
B01HQLFMXK,de,Bot Check,Bot,
B01HTARHCM,de,Bot Check,Bot,
B01HTK9X06,de,Bot Check,Bot,
B01HTKA4UE,de,Bot Check,Bot,
B01HTKC4G6,de,Bot Check,Bot,
B01HTKGIMW,de,Huawei P9 lite Smartphone wei?,Huawei,280.61
B01HTKGUYI,de,Huawei P9 lite Smartphone wei?,Huawei,
B01HXZDCMW,de,Bot Check,Bot,
B01HYH71FI,de,Bot Check,Bot,
B01HYP3OZ6,de,Bot Check,Bot,
B01I092FLY,de,Bot Check,Bot,
B01I092IPC,de,Bot Check,Bot,
B01I092Y2E,de,Bot Check,Bot,
B01I0931A8,de,Bot Check,Bot,
B01I1AF744,de,Bot Check,Bot,
B01I2342I2,de,Bot Check,Bot,
B01I287WN4,de,Bot Check,Bot,
B01I2ZVCJC,de,Bot Check,Bot,
B01I2ZVFKS,de,Bot Check,Bot,
B01I2ZVLYI,de,Bot Check,Bot,
B01I2ZVMT2,de,Bot Check,Bot,
B01I2ZVNP0,de,Bot Check,Bot,
B01I2ZVOMM,de,Apple iPhone 6 64 GB Gold Renewd,Apple,
B01I3A16EM,de,"Huawei MediaPad T2 7 Pro LTE 17,8 cm blau",Huawei,215.53
B01I3A1AG6,de,Bot Check,Bot,
B01I3ZT6BW,de,Bot Check,Bot,
B01I4GIJC2,de,Bot Check,Bot,
B01I4GIKWG,de,Bot Check,Bot,
B01I4GILRA,de,Bot Check,Bot,
B01I4GINNM,de,ALCATEL IDOL 4S 6070K + VR BOX Gold,ALCATEL,
B01I5EQWDG,de,Bot Check,Bot,
B01I5EQZ3S,de,Bot Check,Bot,
B01I5KP2YA,de,Bot Check,Bot,
B01IBK92JK,de,Facom F400?Smartphone entsperrt 4?g,Facom,439.9
B01ID1R4PG,de,Bot Check,Bot,
B01ID2HYN2,de,Bot Check,Bot,
B01IIA3V8Q,de,Bot Check,Bot,
B01IJLNYR2,de,Bot Check,Bot,
B01IJLNYXQ,de,Bot Check,Bot,
B01IJLNYZO,de,Bot Check,Bot,
B01IMIPRFE,de,MFOX A11?Pro Military Standard Phone,Mfox,
B01IN4JETW,de,Samsung Galaxy S7?32?GB Black,Samsung,572.12
B01INSCTKE,de,Bot Check,Bot,
B01IP9KUNY,de,"Wolder WIAM #65 - Smartphone Libre ,5,5- IPS FHD, OCTA",Wolder,323.87
B01ISXZF64,de,Bot Check,Bot,
B01ISXZF6E,de,Bot Check,Bot,
B01IT0YY0E,de,Bot Check,Bot,
B01IT0YZ7Q,de,Bot Check,Bot,
B01IW7N900,de,MOTOROLA Moto Z Dual Sim 64GB LTE 4G schwarz 4GB RAM,MOTOROLA,
B01IXY3RRC,de,Bot Check,Bot,
B01J0RYCRA,de,Bot Check,Bot,
B01J0RYDPG,de,Bot Check,Bot,
B01J62AXYK,de,"Lenovo ZUK Z2 5,0 Zoll 4G LTE Smartphone Snapdragon 820 Quad-Core 4GB / 64GB Fingerabdruck 13,0 MP - grau",Lenovo,
B01J63141U,de,McMurdo Fast Find Ranger PLB,McMurdo,
B01J6DKKG0,de,Bot Check,Bot,
B01J7DKRR6,de,Bot Check,Bot,
B01J7DKVV8,de,Bot Check,Bot,
B01J7DLIQK,de,"HP Elite x3 Smartphone 5,96 Zoll inkl. Headset",HP,750.0
B01J7DLMXE,de,"HP Elite x3 Smartphone 5,96 Zoll inkl. Headset und",HP,764.39
B01J7OEOK6,de,Vernee Apollo Lite Space Grey Android,Vernee,272.1
B01J88WGFQ,de,Bot Check,Bot,
B01J8EP67A,de,Bot Check,Bot,
B01JDYOM6Q,de,Bot Check,Bot,
B01JELELC8,de,Bot Check,Bot,
B01JGCUU48,de,Bot Check,Bot,
B01JIMX9P8,de,Bot Check,Bot,
B01JLDFLXC,de,Bot Check,Bot,
B01JLN8KJY,de,Bot Check,Bot,
B01JLNQ0EG,de,Unlocked LeTV Le2 3+32GB X620 4G LTE Dual Sim Android 6.0 Deca Core 2.3GHz 5.5 inch FHD 8+16MP - Force Gold,Unlocked,
B01JPA9ZDS,de,Bot Check,Bot,
B01JSXFBIU,de,Bot Check,Bot,
B01JUTTOOO,de,Bot Check,Bot,
B01JVOPCJO,de,Bot Check,Bot,
B01JVOPGNG,de,Bot Check,Bot,
B01JXN26XI,de,Bot Check,Bot,
B01K1I4ESE,de,Bot Check,Bot,
B01K7EL9NU,de,Bot Check,Bot,
B01K7GE2AU,de,Bot Check,Bot,
B01K7VWVE4,de,Bot Check,Bot,
B01KC4U0YY,de,Bot Check,Bot,
B01KFG5C74,de,Android 6.0 Oneplus Three 6GB RAM 64GB ROM NFC Fingerprint 4G LTE Dual Sim Oneplus 3 A3000 Quad Core 2.2GHz 5.5 inch FHD 8+16MP 3000mAh Gold,Android,
B01KGS26RU,de,Bot Check,Bot,
B01KKCFWOG,de,Bot Check,Bot,
B01KM5EKCQ,de,Bot Check,Bot,
B01KMNJSRU,de,Bot Check,Bot,
B01KMOYXCO,de,BQ C000210 Smartphone Aquaris X5 Plus 4G schwarz,bq,309.0
B01KO37U2S,de,Bot Check,Bot,
B01KOAKVSQ,de,Bot Check,Bot,
B01KOJJZ20,de,Bot Check,Bot,
B01KOXJNXW,de,Apple iPhone 6 mit 64 GB,Apple,467.0
B01KOXJWGU,de,Bot Check,Bot,
B01KQEHAO8,de,Bot Check,Bot,
B01KQEHBU6,de,Bot Check,Bot,
B01KRC765W,de,Bot Check,Bot,
B01KSMSTA2,de,Bot Check,Bot,
B01KUXKOU2,de,"Lenovo Moto Z Smartphone 5,5 Zoll Schwarz/Lunar Grau",Lenovo,499.9
B01KUXKPLK,de,Bot Check,Bot,
B01KV594RS,de,"Allview smartphone X3 Soul PRO Gold (Dual SIM LTE, 5,5¡± Amoled FullHD, Frontaler Fingerabdrucksensor, Octa Core, Android 6.0, 4GB RAM, 64GB Flash, 16MP Hauptkamera)",Allview,
B01KVAI6QI,de,Bot Check,Bot,
B01KVORUJ8,de,Bot Check,Bot,
B01KVVG1V4,de,Samsung Galaxy S7&nbsp;Edge mit Dual-SIM,Samsung,
B01KXIX65E,de,Bot Check,Bot,
B01KZM8BPS,de,Bot Check,Bot,
B01L29XI4M,de,Bot Check,Bot,
B01L29XWPM,de,Bot Check,Bot,
B01L34I7HY,de,Bot Check,Bot,
B01L34I7JW,de,"Sony Xperia XZ Smartphone 5,2 Zoll Platinum",Sony,501.0
B01L34I7LA,de,"Sony Xperia XZ Smartphone 5,2 Zoll Mineral Black",Sony,490.0
B01L34I7P6,de,"Sony Xperia XCompact Smartphone 4,6 Zoll Mist Blue",Sony,356.0
B01L9KWIO0,de,Bot Check,Bot,
B01L9KWJP8,de,Bot Check,Bot,
B01L9KWKYI,de,Bot Check,Bot,
B01L9KWM6E,de,Bot Check,Bot,
B01L9KWNFY,de,Bot Check,Bot,
B01L9KWPCK,de,Bot Check,Bot,
B01L9KWQWO,de,Bot Check,Bot,
B01L9KWSAO,de,Apple iPhone 5S Space Grau 32GB SIM-Free Smartphone,Apple,279.0
B01L9KWTHG,de,Bot Check,Bot,
B01L9KWVLU,de,Bot Check,Bot,
B01L9KWX9U,de,Bot Check,Bot,
B01L9KWYD0,de,Bot Check,Bot,
B01L9KWZTI,de,Bot Check,Bot,
B01L9KX3EE,de,Bot Check,Bot,
B01L9KX5RY,de,Bot Check,Bot,
B01L9KX7VI,de,Apple iPhone 6 Space Grau 64GB SIM-Free Smartphone,Apple,369.0
B01L9KXCCM,de,Bot Check,Bot,
B01L9KXE1Q,de,Bot Check,Bot,
B01L9KXFSI,de,Bot Check,Bot,
B01L9KXG2I,de,Bot Check,Bot,
B01L9KXHWM,de,Apple iPhone 6s Gold 64GB SIM-Free Smartphone,Apple,489.0
B01L9KXJO8,de,Bot Check,Bot,
B01L9KXLL4,de,Bot Check,Bot,
B01L9KXLVE,de,Bot Check,Bot,
B01L9KXO70,de,Apple iPhone 6s Silber 64GB SIM-Free Smartphone,Apple,499.0
B01L9KXS0S,de,Bot Check,Bot,
B01L9KXU7O,de,Apple iPhone 6s Space Grau 64GB SIM-Free Smartphone,Apple,489.0
B01L9KY0I2,de,Apple iPhone 6s Ros¨¦gold 64GB SIM-Free,Apple,489.0
B01L9KY3BG,de,Bot Check,Bot,
B01L9NM4SM,de,Bot Check,Bot,
B01L9NOCOG,de,Bot Check,Bot,
B01LBBN2H4,de,Bot Check,Bot,
B01LBG1JE2,de,Bot Check,Bot,
B01LCRKLDK,de,Bot Check,Bot,
B01LDCRN4O,de,Bot Check,Bot,
B01LDCRZQ0,de,KEN XIN DA W7 Rugged Smartphone,KenxinDa,
B01LDCSM0I,de,DOOGEE T5 Rugged Smartphone,Doogee,
B01LDIIOSC,de,Bot Check,Bot,
B01LDIIT8W,de,Bot Check,Bot,
B01LDNJPEE,de,Bot Check,Bot,
B01LH6QL26,de,Bot Check,Bot,
B01LH6QTMS,de,Huadoo HG04 Rugged Smartphone,Huadoo,
B01LH6QVIU,de,Bot Check,Bot,
B01LH6RLZ2,de,Bot Check,Bot,
B01LH6RY5Y,de,Blackview R7 Smartphone,Blackview,
B01LH6RY7W,de,Bot Check,Bot,
B01LH6UT42,de,Bot Check,Bot,
B01LH6UUXC,de,Bot Check,Bot,
B01LHVVBF8,de,"Nubia NX531J Z11 Smartphone 5,5 Zoll schwarz/gold",nubia,565.0
B01LM1IHXW,de,EMPORIA SMART inkl. kostenlosem Schulungsbuch,emporiaTelecom,248.99
B01LNM98RY,de,Bot Check,Bot,
B01LNM98UG,de,Sony Xperia X Compact,Sony,438.13
B01LNMHDFI,de,Bot Check,Bot,
B01LOGWKQA,de,Bot Check,Bot,
B01LONANZ8,de,"TELEKOM Sony Xperia XZ schwarz 5,2zoll 13,2cm",TELEKOMDEUTSCHLAND,568.99
B01LOZFPUE,de,Bot Check,Bot,
B01LPNTK10,de,Bot Check,Bot,
B01LPNTP1K,de,Bot Check,Bot,
B01LPNTSU8,de,Bot Check,Bot,
B01LPNTW18,de,Bot Check,Bot,
B01LPNX0FM,de,Bot Check,Bot,
B01LPNZH08,de,Bot Check,Bot,
B01LPO0Y0U,de,"LG G5&nbsp;Smart Edition Smartphone, 32&nbsp;GB",LGElectronics,325.0
B01LQ8L666,de,Bot Check,Bot,
B01LRNPLI4,de,Bot Check,Bot,
B01LRSWVGE,de,Bot Check,Bot,
B01LRWRRCS,de,Bot Check,Bot,
B01LRWXPYM,de,Bot Check,Bot,
B01LSPAJVK,de,Bot Check,Bot,
B01LSUYE9S,de,"Apple iPhone 7 Smartphone 4,7 Zoll gold",Apple,837.0
B01LSUYIT4,de,"Apple iPhone 7 Smartphone 4,7 Zoll silber",Apple,659.0
B01LSUYLVE,de,"Apple iPhone 7 Smartphone 4,7 Zoll silber",Apple,755.0
B01LSUYP2Y,de,"Apple iPhone 7 Smartphone 4,7 Zoll silber",Apple,827.0
B01LSUZ1RW,de,"Apple iPhone 7 Smartphone 4,7 Zoll matt-schwarz",Apple,839.0
B01LSUZ5UU,de,"Apple iPhone 7 Smartphone 4,7 Zoll jet schwarz",Apple,739.0
B01LSUZ8KW,de,"Apple iPhone 7 Smartphone 4,7 Zoll rose-gold",Apple,663.0
B01LSUZ9TC,de,"Apple iPhone 7 Smartphone 4,7 Zoll jet schwarz",Apple,834.0
B01LSUZC1C,de,"Apple iPhone 7 Smartphone 4,7 Zoll rose-gold",Apple,747.0
B01LSUZDWU,de,"Apple iPhone 7 plus Smartphone 5,5 Zoll matt-schwarz",Apple,879.0
B01LSUZHGC,de,"Apple iPhone 7 plus Smartphone 5,5 Zoll jet schwarz",Apple,872.0
B01LSUZJBA,de,"Apple iPhone 7 Smartphone 4,7 Zoll gold",Apple,654.95
B01LSUZKXC,de,"Apple iPhone 7 plus Smartphone 5,5 Zoll jet schwarz",Apple,1009.0
B01LSUZMAS,de,"Apple iPhone 7 Smartphone 4,7 Zoll gold",Apple,750.0
B01LTGWHOA,de,Bot Check,Bot,
B01LTGWN9Y,de,"Apple MN0X2ZD/A iPhone 6S 4,7 Zoll silber",Apple,557.0
B01LTGWR3G,de,"Apple iPhone 7 plus Smartphone 5,5 Zoll gold",Apple,990.0
B01LTGWVPK,de,Bot Check,Bot,
B01LTGX3LG,de,"Apple iPhone 7 plus Smartphone 5,5 Zoll gold",Apple,906.0
B01LTGX8SO,de,"Apple MN122ZD/A iPhone 6S 4,7 Zoll rose-gold",Apple,577.0
B01LTGXKGE,de,"Apple iPhone 7 plus Smartphone 5,5 Zoll matt-schwarz",Apple,786.9
B01LTGXMJY,de,"Apple iPhone 7 plus Smartphone 5,5 Zoll silber",Apple,785.95
B01LTGY0ZY,de,"Apple iPhone 7 plus Smartphone 5,5 Zoll rose-gold",Apple,782.0
B01LTGY50E,de,"Apple iPhone 7 plus Smartphone 5,5 Zoll rose-gold",Apple,991.0
B01LTGYCAC,de,"Apple MN0W2ZD/A iPhone 6S 4,7 Zoll space grau",Apple,561.0
B01LTGYL3K,de,"Apple iPhone 7 plus Smartphone 5,5 Zoll gold",Apple,779.0
B01LTGYMXE,de,"Apple iPhone 7 plus Smartphone 5,5 Zoll silber",Apple,881.0
B01LTGYYYG,de,Bot Check,Bot,
B01LTI1KYG,de,Bot Check,Bot,
B01LVU77R9,de,Bot Check,Bot,
B01LVU78L9,de,Bot Check,Bot,
B01LVVF641,de,Bot Check,Bot,
B01LVVF90V,de,Bot Check,Bot,
B01LVWRFL6,de,Bot Check,Bot,
B01LVXZRG9,de,Apple iPhone 7 - 32 GB - Schwarz,Apple,
B01LVXZTT5,de,Bot Check,Bot,
B01LVXZTTA,de,Bot Check,Bot,
B01LVXZVWK,de,"Apple iPhone 6S 32GB Spacegrau (schwarz) Smartphone (4,7 Zoll (11,9 cm) Touchscreen Display, 12 Megapixel Kamera, 3D Touch) Handy",Apple,
B01LVZBH5U,de,'Apple iPhone 7?Smartphone 4?g schwarz,Apple,1094.78
B01LVZBJXN,de,Bot Check,Bot,
B01LW369MF,de,Bot Check,Bot,
B01LW3P9DC,de,"Apple MN112ZD/A iPhone 6S 4,7 Zoll gold",Apple,562.0
B01LW4GYV2,de,Bot Check,Bot,
B01LW4H0G9,de,Bot Check,Bot,
B01LW5J9F8,de,Bot Check,Bot,
B01LW5PVMU,de,Bot Check,Bot,
B01LW5Q46H,de,Bot Check,Bot,
B01LW703G1,de,"Apple iPhone 7?Plus 128?GB UK Smartphone, SIM",Apple,963.05
B01LW70EWW,de,Bot Check,Bot,
B01LW750IR,de,Bot Check,Bot,
B01LW9J8ER,de,'Apple iPhone 7?Plus Smartphone 4?g,Apple,790.0
B01LW9KGD4,de,Bot Check,Bot,
B01LW9KS6U,de,'Apple iPhone 7?Smartphone 4?g Gold,Apple,797.9
B01LW9PSH7,de,Vernee Apollo Lite 5.5 Zoll 4G Smartphone Android 6.0 Deca-core Dual SIM 4GB RAM + 32GB ROM 16MP 5MP Dual Kamera FHD 1920*1080 Pixels screen Handy ohne Vertrag 3180mAh Quick charge Corning Gorilla Glass 3 OTG GSM/WCDMA/FDD-LTE Gyroscope Kompass Fingerprint GPS Wifi Schwarz,Vernee,
B01LWAWBYG,de,Bot Check,Bot,
B01LWAWVSO,de,Bot Check,Bot,
B01LWAXD6E,de,Bot Check,Bot,
B01LWBPRBA,de,Bot Check,Bot,
B01LWD21U8,de,Bot Check,Bot,
B01LWIL7M4,de,Bot Check,Bot,
B01LWILAGG,de,Bot Check,Bot,
B01LWILE89,de,Bot Check,Bot,
B01LWIQJ3R,de,Samsung Galaxy S6 Edge Schwarz 128GB SIM-Free,Samsung,454.0
B01LWIQJI3,de,Bot Check,Bot,
B01LWIQKIW,de,Bot Check,Bot,
B01LWJ8YUJ,de,Bot Check,Bot,
B01LWLI1UG,de,"HOMTOM HT10 - 5,5 Zoll Iriserkennung (FHD 1080P) MTK6797 (Helio X20) Deca Core-4GB + 32GB Android 6.0 globalen 4G-Smartphone - Wei?",HOMTOM,
B01LWOSMJL,de,Bot Check,Bot,
B01LWP9NLR,de,Bot Check,Bot,
B01LWQ77RM,de,Bot Check,Bot,
B01LWUAI69,de,Apple iPhone SE Ros¨¦gold 64GB SIM-Free,Apple,389.0
B01LWX8ZLH,de,Bot Check,Bot,
B01LX0YLRO,de,Lenovo K6,Lenovo,205.44
B01LX60M7M,de,Apple iPhone 6 Plus Space Grau 16GB SIM-Free Smartphone,Apple,429.99
B01LX8N0FZ,de,Bot Check,Bot,
B01LXG7PA3,de,Bot Check,Bot,
B01LXHX3DO,de,Bot Check,Bot,
B01LXJ99MH,de,Bot Check,Bot,
B01LXKOCX2,de,"HOMTOM HT10 - 5,5 Zoll Iriserkennung (FHD 1080P) MTK6797 (Helio X20) Deca Core-4GB + 32GB Android 6.0 globalen 4G-Smartphone - Schwarz",HOMTOM,
B01LXOJZVW,de,Bot Check,Bot,
B01LY0B6JC,de,Bot Check,Bot,
B01LY0BSF6,de,Bot Check,Bot,
B01LY56P8E,de,Bot Check,Bot,
B01LY5N6QR,de,"APPLE iPHONE 6S 4.7"" 32GB ITALIA ROSE GOLD",Apple,577.1
B01LY5VKXI,de,Bot Check,Bot,
B01LY6EWPD,de,Bot Check,Bot,
B01LY6LQFF,de,Bot Check,Bot,
B01LY6NL6F,de,Bot Check,Bot,
B01LY97DF5,de,Bot Check,Bot,
B01LYBHEFZ,de,'Sony Xperia XZ Mineral?¨C?Mobiltelefon,Sony,567.0
B01LYBS9M3,de,Lenovo K6,Lenovo,208.68
B01LYBXCYU,de,Bot Check,Bot,
B01LYFNRM5,de,Bot Check,Bot,
B01LYMUV93,de,Mann Zug 5s + Smartphone Android 5.1?Dual Sim,Elettroinformaticamente,
B01LYN5KBU,de,Bot Check,Bot,
B01LYNB9Y5,de,Bot Check,Bot,
B01LYNN48N,de,Bot Check,Bot,
B01LYR2I7L,de,"Honor 8 Premium Smartphone 5,2 Zoll gold",Honor,429.0
B01LYSM54J,de,Bot Check,Bot,
B01LYSM7H5,de,Apple iPhone 6 Plus Gold 16GB SIM-Free Smartphone,Apple,591.2
B01LYSM8HI,de,Bot Check,Bot,
B01LYSR1KP,de,Bot Check,Bot,
B01LYT6SRC,de,Bot Check,Bot,
B01LYUPXPE,de,Bot Check,Bot,
B01LYX971O,de,Bot Check,Bot,
B01LYZEBT4,de,Asus Zenfone 3&nbsp;Max Smartphone ohne SIM-Lock,ASUSComputer,224.88
B01LZ4AES5,de,Apple iPhone 6s Plus Silber 64GB SIM-Free Smartphone,Apple,799.11
B01LZ4AIL8,de,Bot Check,Bot,
B01LZ7PGB8,de,Bot Check,Bot,
B01LZ7ST1G,de,Bot Check,Bot,
B01LZ8AXY5,de,'Sony Xperia X Compact?¨C?Mobiltelefon,Sony,458.12
B01LZBXF76,de,Bot Check,Bot,
B01LZEUEYS,de,Bot Check,Bot,
B01LZHHRBT,de,Bot Check,Bot,
B01LZI6TZ3,de,Bot Check,Bot,
B01LZL7WMH,de,Bot Check,Bot,
B01LZMHPGF,de,"CAT S60 Outdoor Smartphone 4,7 Zoll schwarz",Caterpillar,
B01LZMNEVD,de,Bot Check,Bot,
B01LZMVBHU,de,Asus Zenfone 3&nbsp;Max Smartphone ohne SIM-Lock,ASUSComputer,239.0
B01LZMYDYJ,de,Bot Check,Bot,
B01LZQGHSD,de,Bot Check,Bot,
B01LZTN1JX,de,Apple Watch Series 2 42 mm Aluminiumgeh?use rosegold,Apple,777.47
B01LZTYVOB,de,Bot Check,Bot,
B01M01MQ4G,de,'ZTE Axon 7?Mini?¨C?Smartphone,ZTE,292.0
B01M03HBI8,de,Bot Check,Bot,
B01M03MJRQ,de,Bot Check,Bot,
B01M03MJUJ,de,Bot Check,Bot,
B01M03MOTH,de,Bot Check,Bot,
B01M03MOTN,de,Bot Check,Bot,
B01M04EV2N,de,Bot Check,Bot,
B01M04XWYD,de,Samsung S7 Edge Gold 32GB SIM-Free Smartphone,Samsung,529.9
B01M06P8EV,de,Bot Check,Bot,
B01M081YEM,de,Bot Check,Bot,
B01M09P2MA,de,Bot Check,Bot,
B01M09Z6JI,de,IP67?S2?Rugged Smartphone 64?GB,Sconosciuto,
B01M0AAOOE,de,Bot Check,Bot,
B01M0AAT4O,de,,,
B01M0E6U7M,de,Bot Check,Bot,
B01M0E9J6C,de,Bot Check,Bot,
B01M0F76FI,de,Apple iPhone SE Gold 64GB SIM-Free Smartphone,Apple,379.0
B01M0FCQ5O,de,Bot Check,Bot,
B01M0GDDV1,de,Bot Check,Bot,
B01M0IQK82,de,Ulefone Future Android 6.0 Smartphone 4G LTE 3G WCDMA,Ulefone,239.99
B01M0JSVGR,de,Bot Check,Bot,
B01M0QXUDO,de,Bot Check,Bot,
B01M0QXYIY,de,Bot Check,Bot,
B01M0QXZVQ,de,Bot Check,Bot,
B01M0SA4OB,de,Bot Check,Bot,
B01M0SRDII,de,"Apple Watch Series 2 42 mm Edelstahlgeh?use, Milanaise",Apple,886.75
B01M12I75C,de,Bot Check,Bot,
B01M12T693,de,Bot Check,Bot,
B01M19DUL6,de,"Asus Zenfone 3&nbsp;Laser Smartphone, tragbar, kein",ASUSComputer,298.38
B01M1DGOXR,de,Bot Check,Bot,
B01M1DHX5F,de,Samsung Galaxy S6 Gold 128GB SIM-Free Smartphone,Samsung,429.0
B01M1DO5ZW,de,Bot Check,Bot,
B01M1DQ3Q8,de,Bot Check,Bot,
B01M1DS3U2,de,Apple iPhone 6 Plus Silber 64GB SIM-Free Smartphone,Apple,677.29
B01M1E3DN0,de,Bot Check,Bot,
B01M1P3LGO,de,Bot Check,Bot,
B01M1RPV8T,de,Bot Check,Bot,
B01M20V4MI,de,Bot Check,Bot,
B01M24P62C,de,Bot Check,Bot,
B01M2A4BGK,de,Bot Check,Bot,
B01M2C8TUM,de,Bot Check,Bot,
B01M2WD5KJ,de,Bot Check,Bot,
B01M2ZUEQS,de,Bot Check,Bot,
B01M32Q9ZH,de,Bot Check,Bot,
B01M32QJ3T,de,Bot Check,Bot,
B01M32RBGN,de,Huawei Nova 4?G Mystic Silver,Huawei,
B01M33R1TT,de,"Asus ZenFone 3 Dual-SIM Smartphone 13,2 cm gold",ASUSComputer,339.0
B01M36FM03,de,Bot Check,Bot,
B01M3OH91X,de,Bot Check,Bot,
B01M3S4U7N,de,Bot Check,Bot,
B01M3TWHBR,de,Bot Check,Bot,
B01M3WI4BS,de,Bot Check,Bot,
B01M3WIEE2,de,Bot Check,Bot,
B01M4GCYNU,de,Bot Check,Bot,
B01M4L5WPE,de,Vernee Mars Smartphone ohne Vertrag 4G Android,Vernee,239.99
B01M4LVJ16,de,Bot Check,Bot,
B01M4OPYQF,de,Bot Check,Bot,
B01M5BC7HR,de,Bot Check,Bot,
B01M5F90NS,de,Bot Check,Bot,
B01M5FA894,de,Google Pixel XL 32GB Anthrazit,Apple,849.85
B01M5GUTWP,de,Bot Check,Bot,
B01M5HV9AL,de,Bot Check,Bot,
B01M5KNDC3,de,Bot Check,Bot,
B01M66N29E,de,Bot Check,Bot,
B01M67SHBG,de,Bot Check,Bot,
B01M69GD7J,de,Google Pixel XL Smartphone (silber/128GB),Google,
B01M69K6SI,de,Bot Check,Bot,
B01M6AKKCY,de,Bot Check,Bot,
B01M6BNOFN,de,"UMIDIGI Plus Smartphone, 5.5 Zoll Display, Metall",UMIDIGI,
B01M6C9CJY,de,Bot Check,Bot,
B01M6W2GX4,de,Bot Check,Bot,
B01M6X4TSY,de,Bot Check,Bot,
B01M6ZW7Q8,de,Bot Check,Bot,
B01M706FBF,de,Bot Check,Bot,
B01M8K4ON7,de,Bot Check,Bot,
B01M8L19F6,de,Bot Check,Bot,
B01M8LP1D2,de,Bot Check,Bot,
B01M8NAVEP,de,Bot Check,Bot,
B01M9BJZRR,de,Bot Check,Bot,
B01M9C9Y6A,de,Bot Check,Bot,
B01M9IORR8,de,Bot Check,Bot,
B01M9K4KDD,de,Bot Check,Bot,
B01MA0O2ZE,de,Bot Check,Bot,
B01MA5FC31,de,Bot Check,Bot,
B01MA6G0CN,de,Bot Check,Bot,
B01MAXST7K,de,Bot Check,Bot,
B01MCS600B,de,"Sony F5321 white Smartphone X Compact LTE 32GB, 11,7 cm",Sony,450.34
B01MCT6Z8Y,de,Bot Check,Bot,
B01MCU6H8U,de,Bot Check,Bot,
B01MCZ6JBA,de,Bot Check,Bot,
B01MD0528T,de,Asus ZenFone 3 Laser Dual-SIM Smartphone 14 cm gold,ASUSComputer,249.0
B01MD18NHT,de,Bot Check,Bot,
B01MD2MDDJ,de,Bot Check,Bot,
B01MDKHBVZ,de,Bot Check,Bot,
B01MDLY4RQ,de,Bot Check,Bot,
B01MDNLKYY,de,Bot Check,Bot,
B01MDOCQ92,de,Bot Check,Bot,
B01MF8KH71,de,Smartphone Apple iPhone 5?C 16?GB green,iPhone,210.0
B01MFC8Q96,de,Bot Check,Bot,
B01MFCMTHM,de,Bot Check,Bot,
B01MFE6AN2,de,Bot Check,Bot,
B01MFFBDHS,de,VKWORLD T1?Plus Kratos Smartphone,VKworld,
B01MG5LAPK,de,Bot Check,Bot,
B01MG7T7D8,de,Bot Check,Bot,
B01MG7XX6V,de,Bot Check,Bot,
B01MG849AB,de,Bot Check,Bot,
B01MG96NHI,de,Bot Check,Bot,
B01MPXNKHC,de,Bot Check,Bot,
B01MPYYLUT,de,Asus ZenFone 3 Dual-SIM Smartphone 14 cm schwarz,ASUSComputer,385.0
B01MQ5VTP0,de,Bot Check,Bot,
B01MQ68HB5,de,Bot Check,Bot,
B01MQDX622,de,Bot Check,Bot,
B01MQEC7EX,de,Bot Check,Bot,
B01MQGBJU5,de,Bot Check,Bot,
B01MQH2XDX,de,Bot Check,Bot,
B01MQRJ25A,de,Bot Check,Bot,
B01MQSLE4Q,de,Bot Check,Bot,
B01MR0E9KK,de,Bot Check,Bot,
B01MR30MQD,de,,,
B01MR5EPZF,de,HK Lager Blackview bv6000s IP68?Smartphone?¨C?Android,OYETEAM,
B01MR5GPE8,de,Bot Check,Bot,
B01MR6GK2G,de,Bot Check,Bot,
B01MR9973V,de,Bot Check,Bot,
B01MR9KBAZ,de,"HTC 99HALT024-00 U Ultra Full HD Smartphone 5,2 Zoll",HTC,733.48
B01MR9MNNL,de,"Apple iPhone 7 Smartphone 4,7 Zoll jet schwarz",Apple,699.0
B01MRCE1SS,de,Bot Check,Bot,
B01MRD3TWW,de,Bot Check,Bot,
B01MRHAPCO,de,"Meizu U685H/32GB/BLACK Smartphone U20, 32GB, 13MP",Meizu,219.01
B01MRHST75,de,Bot Check,Bot,
B01MRKF30P,de,Bot Check,Bot,
B01MRSLH8F,de,Bot Check,Bot,
B01MRXW3DX,de,"Alcatel 7070X-2AALWE1 Handy ""POP 4-6"" 15,24",Alcatel,269.0
B01MSDRPIL,de,Elephone S7?4?+ 64GB Chip Helium,Ele,
B01MSLRLYA,de,Bot Check,Bot,
B01MSMU1AA,de,Bot Check,Bot,
B01MSNKJ56,de,Bot Check,Bot,
B01MSQCWOT,de,Bot Check,Bot,
B01MSY97YK,de,Bot Check,Bot,
B01MT5OY68,de,"Allview P9 Energy Golden - LTE Dual SIM Smartphone, 5,000 mAh SDI Akku (4 Tage bei moderater Nutzung!), 5.5¡± AMOLED FullHD, Octa Core, 4GB RAM, 64GB Flash, Android 6.0",Allview,
B01MTAVDC7,de,"HTC 99HALT015-00 U Ultra Full HD Smartphone 5,2 Zoll",HTC,728.48
B01MTB5P23,de,Bot Check,Bot,
B01MTC2R5A,de,Bot Check,Bot,
B01MTCO337,de,"Apple iPhone 7 Smartphone 4,7 Zoll gold",Apple,849.9
B01MTDJ8LE,de,Bot Check,Bot,
B01MTIP4UO,de,Bot Check,Bot,
B01MTSW946,de,Bot Check,Bot,
B01MTZG8V5,de,Bot Check,Bot,
B01MU5VUXK,de,Bot Check,Bot,
B01MU9A5MM,de,Bot Check,Bot,
B01MU9ASYI,de,Samsung Galaxy A5 (2017) (Black) (Origin EU),Samsung,
B01MU9R2EN,de,Bot Check,Bot,
B01MUC3N2Y,de,Bot Check,Bot,
B01MUEYY4T,de,Bot Check,Bot,
B01MUR3YZI,de,Bot Check,Bot,
B01MUSD2ST,de,Bot Check,Bot,
B01MXFV5D3,de,Bot Check,Bot,
B01MXSH83Z,de,UMIDIGI Plus E Smartphone 14 cm,UMIDIGI,
B01MXTO8F8,de,"Meizu S685H 64GB SILVER M3 Max Smartphone, 13MP",Meizu,288.0
B01MXZ22XL,de,HOMTOM HT10 4G Smartphone 5.5¡± Zoll IPS Display,HOMTOM,
B01MY0VJ5Y,de,Bot Check,Bot,
B01MY4GLS7,de,Bot Check,Bot,
B01MY7QIPR,de,Bot Check,Bot,
B01MY9FMGQ,de,Bot Check,Bot,
B01MYB58KM,de,Bot Check,Bot,
B01MYBV80J,de,Bot Check,Bot,
B01MYNKCWQ,de,Bot Check,Bot,
B01MYNLEMK,de,Bot Check,Bot,
B01MYXJ4ZG,de,Bot Check,Bot,
B01MYZ76JP,de,Bot Check,Bot,
B01MZ05P97,de,"Motorola Moto Z Play XT1635-02 32GB Black, Dual Sim, 5.5"", GSM Unlocked International Model, No Warranty",Motorola,
B01MZ2MVG3,de,Bot Check,Bot,
B01MZ45X32,de,HK Warehouse Preorder Bluboo Dual,HK,
B01MZ8DKY5,de,Bot Check,Bot,
B01MZ8DTIV,de,Bot Check,Bot,
B01MZ93IQ2,de,Bot Check,Bot,
B01MZ94GIR,de,Bot Check,Bot,
B01MZ987WN,de,Bot Check,Bot,
B01MZB6ZWE,de,Bot Check,Bot,
B01MZWJNC7,de,Bot Check,Bot,
B01MZXYQAY,de,Bot Check,Bot,
B01MZYP2NS,de,Bot Check,Bot,
B01N04X63A,de,"Huawei Mate 9 5,9 Zoll, silber",Huawei,599.9
B01N06EK0U,de,Bot Check,Bot,
B01N06IDS3,de,Bot Check,Bot,
B01N06XT15,de,Bot Check,Bot,
B01N0D4EXT,de,Bot Check,Bot,
B01N0E61M7,de,Bot Check,Bot,
B01N0MB3AH,de,Bot Check,Bot,
B01N0OVPAB,de,Bot Check,Bot,
B01N0UVD2U,de,"OnePlus 3T, RAM 6GB+128GB ROM 4G FDD-LTE 5.5 inch Smart Phone Qualcomm Snapdragon 821 Quad Core 2.35GHz 16.0MP A3010",OnePlus,
B01N0XF1JX,de,Bot Check,Bot,
B01N0ZLKS9,de,Samsung Galaxy A5 gold Telekom,Samsung,430.97
B01N11ED47,de,Bot Check,Bot,
B01N12QH9E,de,Bot Check,Bot,
B01N12SHTN,de,"Nubia NX549S Z11 mini S Smartphone Marshmallow5,2 Zoll",nubia,299.0
B01N130RGK,de,Bot Check,Bot,
B01N14KN69,de,Bot Check,Bot,
B01N16M7AY,de,Bot Check,Bot,
B01N18APQV,de,LG X mach titan Android 6.0 Smartphone EU,LG,
B01N1FAP08,de,Bot Check,Bot,
B01N1FJIJG,de,Bot Check,Bot,
B01N1G43F8,de,Bot Check,Bot,
B01N1GPAOI,de,Bot Check,Bot,
B01N1KGQQS,de,Bot Check,Bot,
B01N1Q3MR5,de,Bot Check,Bot,
B01N1UN3W7,de,Bot Check,Bot,
B01N1WQ6VK,de,HK Warehouse Preorder Umi Z Android,HK,
B01N1Z5J1C,de,Bot Check,Bot,
B01N20N4B1,de,Bot Check,Bot,
B01N21CWAV,de,ASUS Zenfone Go zb552kl-1?a001ww 4?G,ASUSComputer,208.72
B01N21FV6R,de,Bot Check,Bot,
B01N21QLGB,de,LG K10,LGElectronics,
B01N21TL0E,de,Bot Check,Bot,
B01N24664Y,de,"HTC 99HALY017-00 U Play Full HD Smartphone 5,2 Zoll",HTC,438.51
B01N25KVDD,de,Bot Check,Bot,
B01N25YFXB,de,Bot Check,Bot,
B01N2AXVYL,de,Bot Check,Bot,
B01N2KKIVM,de,Bot Check,Bot,
B01N2NM8C6,de,Bot Check,Bot,
B01N2S0F0M,de,Bot Check,Bot,
B01N2Z5DIY,de,Bot Check,Bot,
B01N30UHMS,de,Bot Check,Bot,
B01N315VH3,de,Bot Check,Bot,
B01N326GL3,de,Bot Check,Bot,
B01N32HOF9,de,Bot Check,Bot,
B01N32SAGS,de,Bot Check,Bot,
B01N339QQY,de,Ordro Z20?WLAN Kamera Digital?¨C?Sensor,OYETEAM,
B01N3549RA,de,Huawei MHA-L29 SPACE GREY Smartphone Mate 9 Dual Sim,Huawei,
B01N37V19G,de,,,
B01N3D2AOF,de,Sony Xperia C5 Ultra Dual E5533 White Wei? Android Smartphone Ohne Simlock,Sony,
B01N3LZWM3,de,"Lenovo P2 Smartphone 5,5 Zoll graphit-grau",Lenovo,308.0
B01N4062XC,de,Bot Check,Bot,
B01N4159VR,de,Bot Check,Bot,
B01N440QAY,de,Bot Check,Bot,
B01N44NLP3,de,Bot Check,Bot,
B01N47CJKR,de,Bot Check,Bot,
B01N48M7SZ,de,Bot Check,Bot,
B01N4HZ38X,de,Elephone S7 Smartphone 4G ohne Vertrag 5.5 Zoll Randlos,Ele,247.99
B01N4N3GVO,de,Huawei P8 Lite 2017 Smartphone 5.2 Zoll white,Huawei,236.0
B01N4NIQFE,de,27?Zoll Full HD Zeichen?¨C?Android,OYETEAM,
B01N4NXATD,de,Bot Check,Bot,
B01N4PG2ET,de,"Honor 6X Smartphone 5,5 Zoll grau",Honor,300.95
B01N4PUNS7,de,"HTC 99HALT016-00 U Ultra Full HD Smartphone 5,2 Zoll",HTC,738.48
B01N4VQHTV,de,Bot Check,Bot,
B01N4WGN48,de,Bot Check,Bot,
B01N4WQL6L,de,Bot Check,Bot,
B01N51OWWX,de,Bot Check,Bot,
B01N5EOIQ2,de,Bot Check,Bot,
B01N5J4L24,de,Bot Check,Bot,
B01N5LZLB1,de,Bot Check,Bot,
B01N5QAD0T,de,Bot Check,Bot,
B01N5TSITO,de,Bot Check,Bot,
B01N5V3JNL,de,"Asus ZenFone 3 Max Dual-SIM Smartphone 5,5 Zoll gold",ASUSComputer,278.04
B01N5YBWR9,de,Bot Check,Bot,
B01N682UYM,de,Bot Check,Bot,
B01N6I25Y7,de,'BQ Aquaris 5?HD U?¨C?Smartphone,BQAquarisU,
B01N6IB3NZ,de,Bot Check,Bot,
B01N6PIFSN,de,Bot Check,Bot,
B01N6PM1WU,de,Bot Check,Bot,
B01N6QE36A,de,,,
B01N6QRQNF,de,SAMSUNG Galaxy C7 Dual Sim 64GB LTE 4G Silver 4GB RAM,SAMSUNG,
B01N6QVOLW,de,Bot Check,Bot,
B01N6SO38B,de,Bot Check,Bot,
B01N6TXVS9,de,Bot Check,Bot,
B01N6WBRNY,de,Bot Check,Bot,
B01N6WPWJV,de,Bot Check,Bot,
B01N7CWOP9,de,Bot Check,Bot,
B01N7EQGHJ,de,"Asus ZenFone 3 Deluxe Dual-SIM Smartphone 5,7 Zoll",ASUSComputer,799.0
B01N7GAL3Z,de,Bot Check,Bot,
B01N7JYO9X,de,Bot Check,Bot,
B01N7NQ9Y2,de,Bot Check,Bot,
B01N7OSHZO,de,Bot Check,Bot,
B01N7RH9TL,de,Bot Check,Bot,
B01N7RMJEJ,de,Bot Check,Bot,
B01N7RMQJB,de,Bot Check,Bot,
B01N7SVIIY,de,"Samsung Galaxy S6 Smartphone (5,1 Zoll (12,9 cm) Touch-Display, 128 GB Speicher, Android 5.0)",Samsung,
B01N7TZT9Y,de,Bot Check,Bot,
B01N7WEVJ4,de,Bot Check,Bot,
B01N8RMK4O,de,Bot Check,Bot,
B01N980D5J,de,Bot Check,Bot,
B01N99C8X6,de,Bot Check,Bot,
B01N9MJTE6,de,Bot Check,Bot,
B01N9MKD8C,de,Bot Check,Bot,
B01N9OML4V,de,Bot Check,Bot,
B01N9SERXS,de,Energy Sistem Energy Smartphone Totem,EnergySistem,
B01N9VBVN1,de,,,
B01N9VRATD,de,Bot Check,Bot,
B01N9YC8CJ,de,Bot Check,Bot,
B01NAFRT97,de,Bot Check,Bot,
B01NAIW4UB,de,Bot Check,Bot,
B01NAKRM24,de,Bot Check,Bot,
B01NAKUXUO,de,Bot Check,Bot,
B01NAPQP3Y,de,Bot Check,Bot,
B01NAS0ANL,de,Bot Check,Bot,
B01NASSFYL,de,Bot Check,Bot,
B01NB1FSV2,de,Bot Check,Bot,
B01NBJC2K5,de,Bot Check,Bot,
B01NBKNIRP,de,Telekom CAT S40 2GB -schwarz- 0000 + Powerbank,Caterpillar,357.86
B01NBKPGF8,de,"Samsung Galaxy A5?2016?A510?F, Gold",Samsung,315.21
B01NBOD5PH,de,Bot Check,Bot,
B01NBRF2Y0,de,Bot Check,Bot,
B01NBRLEKA,de,Bot Check,Bot,
B01NBU1HBO,de,Samsung G935F Galaxy S7 Edge 32GB ohne Vertrag Blue Coral,Samsung,
B01NBU4P2X,de,"YotaPhone 2?¨C?Dual Display, Front",OYETEAM,
B01NBYN5P2,de,Bot Check,Bot,
B01NCLO3W8,de,Cyrus CYR10090 Outdoor Smartphone CS35 LTE Dual SIM,Cyrus,299.95
B01NCOGEEC,de,Bot Check,Bot,
B01NCQWE71,de,Bot Check,Bot,
B01NCRDHQS,de,Bot Check,Bot,
B01NCSDJFR,de,Bot Check,Bot,
B01NCT1H1K,de,Bot Check,Bot,
B01NCUCUGB,de,Bot Check,Bot,
B01NCZSVPL,de,Bot Check,Bot,
B01NGTFTN1,de,Bot Check,Bot,
B01NGU128F,de,Bot Check,Bot,
B06VSNVXMM,de,Smartphone NOA H10,Smartphone,
B06VVCGDBF,de,Bot Check,Bot,
B06VWWCFSR,de,Kr¨¹ger&Matz KM0441-S Smartphone 6 Zoll silber,Kr¨¹ger&Matz,229.0
B06VXM9DY3,de,Bot Check,Bot,
B06VY5DHJL,de,Bot Check,Bot,
B06VYFSX94,de,Bot Check,Bot,
B06W2LXSBP,de,Smartphone Brand Wind Huawei P8?Lite,Huawei,
B06W2MVB5D,de,Bot Check,Bot,
B06W5JPTB6,de,Bot Check,Bot,
B06W5KC88V,de,Bot Check,Bot,
B06W9HY7LJ,de,Bot Check,Bot,
B06WD69LVC,de,"INNJOO 3 5.5"" FHD IPS OCT1.5GHz 4GB 4G Oro",InnJoo,
B06WGM8LRZ,de,"Elephone ELE S7 4G LTE Smartphone - 4GB + 64GB, Deca Core, 5,5 Zoll, ARM Mali T880, 1080x1920 Aufl?sung, 5MP & 13 MP Kamera, Dual-SIM-Karte (Blau)",Elephone,
B06WGR6BVN,de,Bot Check,Bot,
B06WP6QWTK,de,Bot Check,Bot,
B06WRNK1DM,de,"Meizu M96/M686H PRO 6 Plus Smartphone, Dual SIM, 14,47",Meizu,555.16
B06WVGT35J,de,"Blackview P2 - 5.5 Zoll Android 6.0 4G smartphone 4GB RAM 64GB ROM Octa Core 1,5 GHz 8.0MP + 13.0MP Kameras verwenden Fingerabdruck 6000mAh Batterie Metallgeh?use - Champagner-Gold",Blackview,
B06WVP1HQB,de,Bot Check,Bot,
B06WW5CBQ2,de,'Mobiltelefon Smartphone Elephone,Ele,
B06X1F6HYR,de,Bot Check,Bot,
B06X1J2XZB,de,AGM X1 Outdoor Smartphone 4G LTE 5.5 Zoll FHD AMOLED,AGM,319.99
B06X3W7P8F,de,Bot Check,Bot,
B06X43RYQR,de,AGM X1 Outdoor Smartphone 4G LTE 5.5 Zoll FHD AMOLED,AGM,319.99
B06X9CW2QC,de,Bot Check,Bot,
B06X9MFZND,de,Bot Check,Bot,
B06XBHYSVP,de,Bot Check,Bot,
B06XCZ7BF7,de,Bot Check,Bot,
B06XD1GYJB,de,Bot Check,Bot,
B06XFRBM26,de,Bot Check,Bot,
B06XFS8F1Z,de,Bot Check,Bot,
B06XGW88GW,de,"Samsung Galaxy A3(2017) A320F DS 16GB (GOLD SAND) GSM Unlocked International Model, No Warranty",Samsung,
B06XH48WNJ,de,Bot Check,Bot,
B06XH525P7,de,Bot Check,Bot,
B06XH73MKR,de,Bot Check,Bot,
B06XHB5FR6,de,Bot Check,Bot,
B06XHBDRP6,de,Bot Check,Bot,
B06XHXKPF5,de,Bot Check,Bot,
B06XJDH4YT,de,Bot Check,Bot,
B06XJFPZXL,de,Bot Check,Bot,
B06XJG37XY,de,HW P9 3G RAM Silver Android 6.0 OS 4G LTE Dual SIM Full Active Octa Core 2.5GHz 5.2 inch FHD Screen Dual Leica Camera 12MP 32GB ROM,HW,
B06XJJ3MKP,de,Bot Check,Bot,
B06XJMX4TZ,de,Bot Check,Bot,
B06XJN3FWB,de,Bot Check,Bot,
B06XJN5TNW,de,Bot Check,Bot,
B06XJNHHV4,de,Bot Check,Bot,
B06XJP98YS,de,Bot Check,Bot,
B06XJQ8C4W,de,Bot Check,Bot,
B06XJQQW31,de,Bot Check,Bot,
B06XKFZVW6,de,Bot Check,Bot,
B06XNLN17F,de,Bot Check,Bot,
